#{"t_start": 1660571251.3926332, "env_id": "Pusher-v1"}
r,l,t
-0.082221,1,16.038116
-0.049792,1,31.31626
-0.162276,1,43.09369
-0.222588,1,58.21585
-0.076802,1,74.04229
-0.16796,1,90.581577
-0.149438,1,101.504254
-0.060758,1,113.829063
-0.145258,1,125.256099
-0.164765,1,141.11695
-0.115732,1,154.509026
-0.210584,1,165.701711
-0.02851,1,181.908666
-0.177503,1,200.501335
-0.059833,1,211.806104
-0.149273,1,235.317294
-0.085247,1,254.307506
-0.100952,1,267.723347
-0.070768,1,279.157742
-0.087861,1,301.392228
-0.112759,1,314.753803
-0.199939,1,330.813421
-0.192137,1,340.775692
-0.222744,1,350.255592
-0.21304,1,362.054701
-0.104959,1,380.408759
-0.143415,1,387.030545
-0.128129,1,404.155979
-0.179407,1,422.284667
-0.211444,1,433.604326
-0.065399,1,447.867869
-0.200037,1,458.956168
-0.087564,1,473.680036
-0.085941,1,486.562939
-0.153728,1,502.650455
-0.062798,1,514.346341
-0.075061,1,529.638612
-0.180237,1,546.632545
-0.248175,1,563.83244
-0.141873,1,575.857558
-0.177644,1,589.527221
-0.069927,1,606.392854
-0.11547,1,613.448453
-0.087717,1,629.173367
-0.128514,1,641.341099
-0.211394,1,656.357344
-0.190533,1,670.947857
-0.116007,1,685.912193
-0.093676,1,698.644947
-0.185564,1,715.028939
-0.190517,1,727.671648
-0.064294,1,738.374362
-0.179049,1,756.535256
-0.157535,1,770.450126
-0.214353,1,788.073952
-0.085014,1,800.005813
-0.089569,1,814.776523
-0.189996,1,828.987223
-0.155161,1,844.804829
-0.151375,1,857.156598
-0.143258,1,874.440456
-0.128136,1,893.618389
-0.084661,1,905.798735
-0.20949,1,917.66213
-0.037421,1,934.017173
-0.136077,1,951.887977
-0.16152,1,964.039348
-0.137858,1,976.374596
-0.126252,1,986.646371
-0.181577,1,1007.84708
-0.114877,1,1029.585768
-0.201584,1,1044.549796
-0.083677,1,1056.516066
-0.083627,1,1068.799412
-0.045537,1,1081.10683
-0.211324,1,1095.074838
-0.185545,1,1113.77573
-0.179403,1,1128.67015
-0.190869,1,1140.516674
-0.111062,1,1152.482108
-0.233039,1,1162.490433
-0.087966,1,1172.963737
-0.105552,1,1188.643474
-0.234944,1,1200.752718
-0.15314,1,1213.036526
-0.181425,1,1227.423217
-0.151571,1,1246.556554
-0.20743,1,1262.836841
-0.224713,1,1275.373871
-0.090116,1,1289.322293
-0.186944,1,1306.020189
-0.111872,1,1322.167383
-0.058174,1,1337.122996
-0.085786,1,1349.975461
-0.190187,1,1364.106559
-0.167748,1,1381.176656
-0.175574,1,1392.687331
-0.091169,1,1406.132015
-0.196793,1,1418.380439
-0.092774,1,1432.161819
-0.140207,1,1446.996541
-0.184464,1,1461.428863
-0.049697,1,1479.687986
-0.214291,1,1497.099926
-0.125514,1,1510.511631
-0.236335,1,1525.241698
-0.099187,1,1539.81329
-0.133808,1,1558.475937
-0.174703,1,1575.453569
-0.122909,1,1595.179878
-0.166056,1,1613.826966
-0.084927,1,1625.754492
-0.192868,1,1642.673125
-0.040995,1,1655.279713
-0.22872,1,1669.746873
-0.108444,1,1684.032686
-0.183147,1,1702.927852
-0.103208,1,1721.296974
-0.077965,1,1732.870086
-0.056207,1,1749.236207
-0.165965,1,1760.109996
-0.142292,1,1772.72114
-0.098399,1,1783.456878
-0.193775,1,1800.75019
-0.220633,1,1812.75675
-0.069724,1,1828.106287
-0.138421,1,1838.767532
-0.142005,1,1851.615335
-0.105084,1,1863.802204
-0.145422,1,1878.362554
-0.118507,1,1891.016758
-0.201339,1,1905.973167
-0.123426,1,1918.204311
-0.102704,1,1932.052269
-0.13717,1,1943.934896
-0.174799,1,1956.259056
-0.121977,1,1975.394098
-0.233642,1,1991.374111
-0.046944,1,2010.139892
-0.065515,1,2023.022082
-0.185708,1,2040.262068
-0.143886,1,2057.866097
-0.239778,1,2070.190476
-0.045305,1,2085.048944
-0.183666,1,2095.621364
-0.147917,1,2112.667134
-0.243904,1,2133.188389
-0.114825,1,2148.421544
-0.11101,1,2163.953018
-0.162058,1,2190.824223
-0.156869,1,2204.60254
-0.13605,1,2222.769652
-0.198935,1,2240.135825
-0.118048,1,2252.431718
-0.080271,1,2263.08356
-0.135523,1,2277.220088
-0.112305,1,2289.571898
-0.102876,1,2300.217323
-0.143217,1,2315.873213
-0.101902,1,2336.090105
-0.164611,1,2352.079705
-0.156473,1,2362.785832
-0.211193,1,2377.642084
-0.047187,1,2392.717953
-0.199766,1,2407.863103
-0.106943,1,2422.46614
-0.243136,1,2440.781406
-0.064392,1,2453.10151
-0.067826,1,2468.477757
-0.090835,1,2484.849526
-0.125999,1,2495.773884
-0.212436,1,2509.96767
-0.166243,1,2529.665315
-0.134702,1,2543.66025
-0.150905,1,2558.443946
-0.210836,1,2573.218427
-0.12977,1,2588.192851
-0.171743,1,2606.3926
-0.09343,1,2617.320725
-0.078956,1,2636.930146
-0.15685,1,2652.150427
-0.066266,1,2664.253483
-0.25413,1,2681.135163
-0.199865,1,2693.512803
-0.108176,1,2708.409466
-0.134617,1,2720.549891
-0.096893,1,2733.256581
-0.151621,1,2743.817737
-0.037856,1,2755.885627
-0.066875,1,2763.655427
-0.243,1,2780.532401
-0.097203,1,2794.958818
-0.229865,1,2801.710883
-0.142306,1,2811.603251
-0.18598,1,2829.816561
-0.202552,1,2847.270663
-0.180069,1,2862.19951
-0.167075,1,2877.437104
-0.098727,1,2890.604687
-0.191489,1,2906.311255
-0.153978,1,2926.231796
-0.114785,1,2938.557869
-0.136188,1,2953.249436
-0.16359,1,2966.692612
-0.102684,1,2984.115541
-0.053509,1,2998.623386
-0.093709,1,3013.029766
-0.071336,1,3023.830433
-0.161467,1,3037.257333
-0.130907,1,3057.238607
-0.057204,1,3068.612281
-0.162145,1,3083.281023
-0.050181,1,3096.931987
-0.165528,1,3109.261417
-0.176227,1,3122.027905
-0.202778,1,3137.083643
-0.049763,1,3147.970926
-0.136149,1,3160.728166
-0.185213,1,3173.244268
-0.078097,1,3186.356119
-0.189231,1,3201.138629
-0.156243,1,3216.664768
-0.087854,1,3235.633473
-0.180592,1,3242.230663
-0.100072,1,3257.952965
-0.251413,1,3273.823516
-0.18534,1,3291.815599
-0.159158,1,3305.379724
-0.155245,1,3320.252202
-0.084862,1,3330.714263
-0.082578,1,3343.679105
-0.181497,1,3359.710167
-0.140395,1,3371.679845
-0.134535,1,3385.542498
-0.19385,1,3406.584836
-0.148955,1,3422.268626
-0.086781,1,3434.409692
-0.090209,1,3450.802466
-0.245311,1,3463.725417
-0.059477,1,3476.135723
-0.207356,1,3490.928352
-0.146266,1,3505.663902
-0.221751,1,3517.750523
-0.135193,1,3530.026086
-0.128175,1,3540.887532
-0.156983,1,3563.068
-0.167738,1,3577.707004
-0.142913,1,3588.34745
-0.208145,1,3600.656507
-0.048297,1,3623.546036
-0.119265,1,3643.24639
-0.123316,1,3657.761807
-0.1941,1,3672.741665
-0.130177,1,3689.896546
-0.153931,1,3697.481306
-0.148436,1,3711.072806
-0.08376,1,3723.641424
-0.179454,1,3735.367546
-0.052294,1,3748.599079
-0.132935,1,3765.859097
-0.135648,1,3788.180148
-0.153113,1,3804.573709
-0.208349,1,3817.622043
-0.137337,1,3830.215042
-0.045936,1,3848.273873
-0.096301,1,3865.883403
-0.119588,1,3877.57851
-0.154568,1,3890.759968
-0.126108,1,3909.392944
-0.199304,1,3923.520883
-0.195808,1,3934.108948
-0.141414,1,3948.797229
-0.106981,1,3970.150661
-0.156145,1,3985.408633
-0.174591,1,3999.56434
-0.163956,1,4016.382028
-0.204762,1,4031.834972
-0.210853,1,4043.981455
-0.169159,1,4059.946555
-0.124155,1,4076.293402
-0.130818,1,4088.568518
-0.077096,1,4104.44348
-0.07721,1,4117.352939
-0.079954,1,4131.241912
-0.152461,1,4144.579786
-0.162688,1,4160.634053
-0.1238,1,4176.081331
-0.050534,1,4191.421692
-0.138913,1,4203.885923
-0.092579,1,4220.650484
-0.086089,1,4236.721036
-0.136722,1,4255.828468
-0.129711,1,4269.933232
-0.236842,1,4283.414716
-0.084097,1,4302.249678
-0.243485,1,4320.123339
-0.103643,1,4340.986583
-0.103853,1,4355.340425
-0.106829,1,4367.041322
-0.15276,1,4381.841809
-0.188816,1,4398.326184
-0.109447,1,4413.518631
-0.184157,1,4426.381285
-0.234898,1,4444.139352
-0.126249,1,4461.223823
-0.225934,1,4473.695885
-0.067279,1,4485.682568
-0.211084,1,4501.704879
-0.033966,1,4520.349638
-0.166992,1,4533.193732
-0.191718,1,4547.318275
-0.029904,1,4562.837161
-0.1771,1,4578.67939
-0.173729,1,4603.39173
-0.143914,1,4616.375115
-0.056822,1,4626.514451
-0.126079,1,4639.060145
-0.04374,1,4656.053123
-0.077869,1,4670.100818
-0.11623,1,4686.149378
-0.237622,1,4699.18469
-0.202078,1,4711.927418
-0.125655,1,4726.215133
-0.123456,1,4737.926762
-0.154652,1,4749.561727
-0.113984,1,4765.907985
-0.158868,1,4776.491354
-0.121047,1,4790.410733
-0.153463,1,4805.500357
-0.101896,1,4822.160584
-0.151945,1,4836.37189
-0.17859,1,4855.168396
-0.099553,1,4866.747093
-0.197644,1,4877.81842
-0.180194,1,4895.745956
-0.19207,1,4912.825042
-0.140052,1,4929.664715
-0.162669,1,4944.588812
-0.098706,1,4952.362112
-0.16013,1,4964.907289
-0.131115,1,4977.040007
-0.070055,1,4993.457574
-0.144237,1,5004.917008
-0.104034,1,5017.991179
-0.187091,1,5029.560508
-0.146457,1,5041.334796
-0.071419,1,5057.60926
-0.144201,1,5073.886819
-0.095451,1,5085.262704
-0.066456,1,5099.436287
-0.127467,1,5115.058245
-0.059774,1,5130.09435
-0.15653,1,5144.154503
-0.163154,1,5156.763811
-0.208818,1,5171.202869
-0.081085,1,5184.843246
-0.223789,1,5200.957468
-0.062882,1,5210.960945
-0.139299,1,5228.237729
-0.11454,1,5243.065616
-0.116142,1,5257.068043
-0.092129,1,5273.085763
-0.173699,1,5279.41809
-0.124622,1,5290.603324
-0.153206,1,5305.758698
-0.185681,1,5319.418494
-0.160872,1,5335.508801
-0.128617,1,5348.114767
-0.04837,1,5362.124224
-0.066499,1,5376.167509
-0.073713,1,5389.99382
-0.083408,1,5397.011111
-0.153957,1,5415.147942
-0.169661,1,5427.007826
-0.081328,1,5445.731459
-0.126743,1,5459.890493
-0.21317,1,5472.176498
-0.193489,1,5482.008597
-0.116891,1,5488.657616
-0.184999,1,5503.23754
-0.141145,1,5513.708573
-0.153496,1,5533.630995
-0.21478,1,5546.0301
-0.0739,1,5565.858722
-0.042382,1,5584.294567
-0.181098,1,5595.863513
-0.125876,1,5613.833766
-0.083241,1,5630.477128
-0.132201,1,5647.753082
-0.056206,1,5660.900627
-0.100052,1,5682.524614
-0.147775,1,5699.731366
-0.067064,1,5714.544101
-0.164883,1,5727.017955
-0.12316,1,5743.442888
-0.075046,1,5753.629785
-0.129542,1,5769.349701
-0.052325,1,5786.615192
-0.073236,1,5811.200772
-0.191274,1,5826.199616
-0.1286,1,5841.655463
-0.05216,1,5856.426565
-0.21778,1,5869.232291
-0.196893,1,5887.560305
-0.198082,1,5899.97467
-0.054607,1,5914.667738
-0.084911,1,5930.156059
-0.152812,1,5945.379183
-0.171316,1,5960.314987
-0.173006,1,5976.333964
-0.137232,1,5991.420646
-0.107492,1,6008.277203
-0.125032,1,6020.513224
-0.069003,1,6036.086602
-0.094443,1,6048.362091
-0.058366,1,6058.544449
-0.245779,1,6070.845757
-0.163833,1,6084.740997
-0.157108,1,6099.453178
-0.061377,1,6116.137766
-0.117653,1,6133.102068
-0.104839,1,6146.150655
-0.120332,1,6156.651254
-0.139252,1,6167.493868
-0.14654,1,6183.522
-0.103718,1,6198.251925
-0.175211,1,6213.432142
-0.093853,1,6228.949744
-0.133313,1,6240.807647
-0.124361,1,6251.489369
-0.094886,1,6266.522128
-0.145989,1,6281.078895
-0.071619,1,6296.219859
-0.08983,1,6311.167341
-0.154355,1,6325.017924
-0.163724,1,6344.336266
-0.175449,1,6358.850473
-0.063165,1,6375.085827
-0.228582,1,6387.822319
-0.127723,1,6403.485948
-0.206396,1,6419.721829
-0.245506,1,6427.517748
-0.069778,1,6437.421128
-0.23071,1,6458.124871
-0.23451,1,6473.719566
-0.117061,1,6487.526569
-0.214421,1,6500.861758
-0.169891,1,6512.721828
-0.120458,1,6526.650411
-0.030782,1,6542.335638
-0.119013,1,6553.603318
-0.17236,1,6567.228982
-0.15158,1,6581.95486
-0.105158,1,6599.227848
-0.118209,1,6618.4953
-0.165815,1,6635.461151
-0.059559,1,6648.833553
-0.239586,1,6665.093773
-0.098031,1,6677.697945
-0.149601,1,6687.319461
-0.106704,1,6700.006557
-0.195096,1,6717.986772
-0.042254,1,6730.028718
-0.190214,1,6743.4593
-0.125245,1,6755.832034
-0.102169,1,6768.173203
-0.103655,1,6778.754156
-0.16242,1,6798.036237
-0.214868,1,6809.464626
-0.188382,1,6817.130762
-0.044955,1,6825.834743
-0.091726,1,6838.60347
-0.147122,1,6854.75256
-0.223402,1,6865.37
-0.175057,1,6878.177423
-0.15588,1,6893.667275
-0.173133,1,6907.072416
-0.21683,1,6922.405918
-0.181801,1,6942.127948
-0.216439,1,6957.034489
-0.096449,1,6967.142521
-0.14976,1,6982.693533
-0.228202,1,6998.60685
-0.151087,1,7011.452996
-0.086537,1,7026.653541
-0.194864,1,7041.911635
-0.063276,1,7056.576164
-0.063771,1,7066.097305
-0.136811,1,7077.696405
-0.164919,1,7091.544094
-0.101561,1,7107.129202
-0.077944,1,7120.786824
-0.195999,1,7131.380234
-0.216706,1,7142.314024
-0.057309,1,7160.695985
-0.13564,1,7180.725848
-0.186068,1,7197.833723
-0.080001,1,7214.04367
-0.049272,1,7226.034215
-0.228285,1,7236.903383
-0.122184,1,7255.005259
-0.113089,1,7270.969983
-0.048896,1,7284.130023
-0.105276,1,7296.106184
-0.056292,1,7309.295988
-0.138545,1,7318.053597
-0.103551,1,7329.639488
-0.166949,1,7343.127899
-0.22225,1,7357.528493
-0.107711,1,7366.190027
-0.184109,1,7375.903389
-0.179507,1,7387.508482
-0.176966,1,7404.972592
-0.058169,1,7415.075242
-0.188353,1,7428.862139
-0.184677,1,7440.277258
-0.246121,1,7453.13478
-0.106742,1,7468.636697
-0.169748,1,7485.183786
-0.219975,1,7501.551464
-0.179063,1,7515.812353
-0.18958,1,7525.788558
-0.086021,1,7536.851519
-0.122491,1,7553.296389
-0.135124,1,7573.739676
-0.169204,1,7592.289358
-0.144732,1,7610.881017
-0.150473,1,7623.355104
-0.198879,1,7635.948017
-0.194707,1,7649.625206
-0.092544,1,7660.278733
-0.129245,1,7669.508607
-0.139223,1,7682.597556
-0.131492,1,7697.876982
-0.16212,1,7713.099189
-0.184843,1,7725.764684
-0.189944,1,7740.125299
-0.064101,1,7757.034404
-0.143493,1,7772.541957
-0.129191,1,7783.714274
-0.100176,1,7792.44031
-0.134899,1,7802.476769
-0.081038,1,7813.460528
-0.097739,1,7825.604068
-0.244982,1,7840.057066
-0.076909,1,7852.492669
-0.202382,1,7862.185306
-0.123061,1,7875.186412
-0.099986,1,7889.35393
-0.153562,1,7904.369672
-0.096969,1,7913.486463
-0.121832,1,7927.229257
-0.231901,1,7941.721798
-0.164036,1,7952.638303
-0.07873,1,7970.067272
-0.099402,1,7990.753565
-0.162959,1,8001.423058
-0.091825,1,8010.432951
-0.186784,1,8022.793805
-0.164103,1,8036.388966
-0.079033,1,8050.608263
-0.194745,1,8067.714517
-0.158629,1,8079.037565
-0.050389,1,8094.014843
-0.116846,1,8107.136151
-0.209045,1,8121.881525
-0.212112,1,8134.345599
-0.199382,1,8155.47895
-0.197804,1,8172.31497
-0.046,1,8188.082216
-0.108951,1,8204.225245
-0.201182,1,8217.460154
-0.156837,1,8235.24239
-0.22703,1,8249.872864
-0.102929,1,8265.621206
-0.126727,1,8281.503142
-0.123896,1,8292.474871
-0.094257,1,8308.16174
-0.156724,1,8319.955737
-0.093574,1,8337.583814
-0.088931,1,8361.403972
-0.144101,1,8376.583347
-0.133937,1,8385.156158
-0.144884,1,8400.011048
-0.108704,1,8416.979982
-0.1701,1,8430.497019
-0.140835,1,8443.406238
-0.246059,1,8458.990601
-0.094452,1,8472.984955
-0.07453,1,8482.824813
-0.102851,1,8492.563929
-0.201773,1,8507.74895
-0.091526,1,8519.401252
-0.146844,1,8537.82975
-0.169284,1,8555.92486
-0.096398,1,8569.144085
-0.20163,1,8582.844769
-0.114129,1,8598.345706
-0.189295,1,8617.883493
-0.115159,1,8634.481115
-0.176199,1,8649.412668
-0.128737,1,8661.487437
-0.182358,1,8675.150925
-0.137377,1,8694.309981
-0.06147,1,8711.451386
-0.095956,1,8725.256757
-0.225401,1,8734.491813
-0.163628,1,8749.121103
-0.0516,1,8759.472943
-0.130808,1,8776.037463
-0.156884,1,8791.903555
-0.119861,1,8804.363446
-0.173016,1,8810.314143
-0.232486,1,8821.209332
-0.139289,1,8828.357745
-0.177946,1,8843.032308
-0.133195,1,8858.727779
-0.04528,1,8869.863867
-0.119575,1,8888.579739
-0.195518,1,8903.119469
-0.077427,1,8914.09104
-0.200969,1,8923.207537
-0.13702,1,8933.346835
-0.160034,1,8943.177777
-0.147516,1,8956.94236
-0.157495,1,8969.228256
-0.099886,1,8980.969172
-0.086589,1,8990.993552
-0.147525,1,9001.626391
-0.221612,1,9011.782741
-0.203929,1,9022.088444
-0.153495,1,9034.554181
-0.049406,1,9045.162304
-0.191034,1,9059.064427
-0.046467,1,9069.400054
-0.200226,1,9081.864301
-0.121769,1,9093.662193
-0.171991,1,9107.929534
-0.068371,1,9120.595039
-0.173633,1,9131.472391
-0.156482,1,9141.309009
-0.029633,1,9147.39853
-0.16388,1,9157.787868
-0.04552,1,9169.551129
-0.163957,1,9184.326774
-0.051324,1,9195.384351
-0.238795,1,9209.28239
-0.113766,1,9215.658082
-0.18114,1,9230.010409
-0.14747,1,9239.383015
-0.10168,1,9251.860466
-0.084754,1,9270.055926
-0.162641,1,9288.717291
-0.131744,1,9298.674269
-0.099691,1,9307.467116
-0.130947,1,9320.346211
-0.112874,1,9335.409487
-0.174806,1,9341.623104
-0.160138,1,9357.039262
-0.21962,1,9367.929459
-0.109211,1,9376.732707
-0.121038,1,9387.631072
-0.11349,1,9403.068979
-0.080876,1,9414.733169
-0.205583,1,9428.771833
-0.174065,1,9441.486033
-0.087808,1,9451.020509
-0.053204,1,9460.610901
-0.066326,1,9466.970899
-0.110345,1,9476.81795
-0.143084,1,9486.419976
-0.086351,1,9496.646079
-0.14105,1,9510.605072
-0.150636,1,9526.880594
-0.179049,1,9543.432857
-0.149601,1,9555.210284
-0.16537,1,9565.337295
-0.093452,1,9575.600887
-0.228384,1,9586.673199
-0.170012,1,9596.905471
-0.138969,1,9609.16095
-0.071928,1,9621.184752
-0.039698,1,9630.833307
-0.14045,1,9640.280042
-0.256485,1,9645.890165
-0.163117,1,9658.702686
-0.121148,1,9671.75069
-0.113776,1,9682.429599
-0.23415,1,9695.476592
-0.155447,1,9708.666633
-0.091855,1,9719.002804
-0.089392,1,9730.016412
-0.123661,1,9740.394068
-0.192946,1,9753.150213
-0.147113,1,9763.180342
-0.103454,1,9773.451599
-0.13331,1,9783.88514
-0.166039,1,9795.541019
-0.136096,1,9805.669093
-0.121045,1,9814.353618
-0.22664,1,9824.667728
-0.09405,1,9837.28182
-0.148556,1,9847.638058
-0.066176,1,9863.566736
-0.127467,1,9874.501391
-0.194536,1,9886.406006
-0.181091,1,9901.008966
-0.209225,1,9916.470889
-0.190942,1,9922.766915
-0.171745,1,9934.754932
-0.049871,1,9946.531435
-0.110814,1,9958.667778
-0.095578,1,9977.472917
-0.09439,1,9993.261358
-0.154566,1,10004.533819
-0.101575,1,10022.152123
-0.057734,1,10032.063056
-0.039189,1,10042.335333
-0.122096,1,10053.287286
-0.131471,1,10062.841152
-0.02803,1,10072.575288
-0.040905,1,10083.857534
-0.277218,1,10100.626536
-0.096294,1,10113.520123
-0.20802,1,10125.075144
-0.095007,1,10140.021067
-0.186182,1,10157.200651
-0.22242,1,10172.517237
-0.088627,1,10182.396394
-0.198268,1,10198.961515
-0.168057,1,10210.871769
-0.098658,1,10224.943823
-0.22789,1,10237.346957
-0.112606,1,10248.683312
-0.176572,1,10260.41266
-0.168673,1,10276.209073
-0.117451,1,10297.187321
-0.213755,1,10304.427854
-0.052973,1,10317.245377
-0.138481,1,10331.192495
-0.087751,1,10338.476841
-0.13691,1,10350.505007
-0.136993,1,10366.638856
-0.134413,1,10377.468667
-0.131813,1,10389.039031
-0.113443,1,10398.565784
-0.084076,1,10404.900608
-0.176151,1,10421.683561
-0.160099,1,10433.58229
-0.031747,1,10448.679322
-0.069517,1,10460.070111
-0.160004,1,10471.771244
-0.091289,1,10483.15629
-0.128639,1,10508.146837
-0.049207,1,10524.924283
-0.14187,1,10532.247699
-0.100599,1,10546.117031
-0.091693,1,10556.597374
-0.182607,1,10567.769394
-0.227947,1,10579.525521
-0.158615,1,10598.824102
-0.175477,1,10605.930682
-0.14706,1,10618.524964
-0.074818,1,10636.207888
-0.049366,1,10648.544325
-0.052211,1,10659.773783
-0.254286,1,10675.592677
-0.070538,1,10691.075414
-0.154988,1,10703.697111
-0.104135,1,10722.573947
-0.080822,1,10737.395337
-0.117224,1,10747.756196
-0.159653,1,10763.263286
-0.155324,1,10775.42086
-0.176612,1,10789.366547
-0.102435,1,10802.483817
-0.114048,1,10821.700397
-0.106399,1,10838.105593
-0.115688,1,10851.993648
-0.230468,1,10865.278821
-0.178122,1,10879.625141
-0.044533,1,10905.953109
-0.126886,1,10916.988939
-0.26849,1,10926.352575
-0.101738,1,10936.995232
-0.04247,1,10954.431679
-0.07628,1,10961.25077
-0.132468,1,10975.159096
-0.125394,1,10990.575855
-0.107195,1,11006.684454
-0.100944,1,11016.786141
-0.250686,1,11033.098593
-0.051467,1,11048.698107
-0.111604,1,11067.283299
-0.196065,1,11082.081439
-0.052637,1,11096.961045
-0.180956,1,11115.863541
-0.07445,1,11125.392678
-0.150147,1,11136.86884
-0.094212,1,11149.671393
-0.201316,1,11165.888362
-0.110183,1,11182.314269
-0.219608,1,11194.121681
-0.120924,1,11212.102699
-0.140431,1,11221.712142
-0.10539,1,11238.187604
-0.192663,1,11251.406199
-0.214263,1,11262.461282
-0.109297,1,11273.86754
-0.155188,1,11284.816789
-0.135983,1,11295.621263
-0.099714,1,11309.183672
-0.203722,1,11322.521136
-0.159291,1,11334.010747
-0.211736,1,11347.828537
-0.17542,1,11358.738461
-0.119798,1,11370.444249
-0.072894,1,11384.595124
-0.065186,1,11397.336862
-0.104776,1,11412.774059
-0.1658,1,11427.964566
-0.122153,1,11441.467595
-0.12268,1,11456.551548
-0.068902,1,11473.530838
-0.170512,1,11496.796761
-0.166538,1,11512.598046
-0.184888,1,11528.808777
-0.114573,1,11556.389621
-0.159007,1,11562.937375
-0.115543,1,11575.851907
-0.15778,1,11586.139581
-0.045599,1,11596.465393
-0.102854,1,11611.034855
-0.174918,1,11621.103086
-0.159329,1,11631.191592
-0.100421,1,11646.260072
-0.138677,1,11660.901091
-0.121578,1,11676.011059
-0.238545,1,11699.88276
-0.234771,1,11715.153002
-0.229878,1,11729.08995
-0.065035,1,11742.385735
-0.20901,1,11753.569394
-0.037434,1,11768.191432
-0.086758,1,11780.340709
-0.126417,1,11794.542917
-0.207063,1,11803.951235
-0.170333,1,11813.353074
-0.153896,1,11827.681818
-0.158046,1,11837.279039
-0.251761,1,11852.764711
-0.119723,1,11868.795754
-0.248487,1,11885.635567
-0.072485,1,11900.685386
-0.127375,1,11914.98069
-0.167896,1,11930.774989
-0.11576,1,11947.693556
-0.111963,1,11960.810746
-0.114068,1,11974.582787
-0.175961,1,11990.362524
-0.096543,1,12006.730128
-0.113006,1,12029.054546
-0.101209,1,12044.997077
-0.224931,1,12051.467566
-0.206191,1,12061.959429
-0.22963,1,12072.963848
-0.275659,1,12085.29394
-0.151388,1,12103.851762
-0.208933,1,12114.798298
-0.136275,1,12124.926486
-0.057992,1,12138.483139
-0.131387,1,12154.019747
-0.160355,1,12163.618068
-0.138211,1,12174.30825
-0.157023,1,12187.084463
-0.108495,1,12197.932672
-0.171464,1,12211.62903
-0.125706,1,12223.202537
-0.128899,1,12235.263427
-0.169147,1,12247.430257
-0.140448,1,12260.362275
-0.221381,1,12275.537876
-0.142135,1,12299.766477
-0.19124,1,12310.366565
-0.085841,1,12325.355917
-0.093736,1,12340.855377
-0.184134,1,12357.037802
-0.136604,1,12370.246181
-0.186893,1,12388.066679
-0.192548,1,12405.301724
-0.172144,1,12415.641284
-0.096303,1,12431.4665
-0.236523,1,12441.503985
-0.050443,1,12453.714242
-0.239415,1,12459.294211
-0.24995,1,12472.727614
-0.132733,1,12491.323872
-0.185126,1,12503.915167
-0.112891,1,12516.634076
-0.046991,1,12530.38988
-0.113699,1,12542.630066
-0.14421,1,12554.68172
-0.191245,1,12570.971424
-0.154125,1,12587.54679
-0.191221,1,12607.912086
-0.196877,1,12616.784564
-0.154252,1,12634.795385
-0.209212,1,12646.606771
-0.12503,1,12656.203895
-0.164701,1,12667.468322
-0.095828,1,12678.944613
-0.205275,1,12691.497977
-0.080387,1,12706.599857
-0.105414,1,12723.3786
-0.143361,1,12734.991079
-0.172322,1,12750.028161
-0.207619,1,12766.369068
-0.165541,1,12777.670895
-0.123557,1,12795.216874
-0.115765,1,12812.590767
-0.194876,1,12827.967525
-0.032027,1,12842.069673
-0.150781,1,12854.058438
-0.250436,1,12866.622699
-0.0983,1,12879.053499
-0.185067,1,12897.630314
-0.154317,1,12919.562767
-0.221934,1,12925.850359
-0.253582,1,12953.469345
-0.152348,1,12964.092098
-0.112376,1,12978.365681
-0.112211,1,12988.617515
-0.179141,1,13002.702254
-0.248201,1,13019.310822
-0.139736,1,13035.887599
-0.212433,1,13045.707149
-0.183114,1,13059.341969
-0.195073,1,13075.911433
-0.140846,1,13091.019331
-0.099303,1,13109.494052
-0.072383,1,13122.037845
-0.124021,1,13132.360764
-0.174559,1,13141.359139
-0.240088,1,13149.861581
-0.07752,1,13157.409525
-0.038091,1,13170.278424
-0.16394,1,13180.610311
-0.140881,1,13189.336656
-0.187258,1,13200.041264
-0.169392,1,13210.792008
-0.091389,1,13223.163805
-0.105052,1,13233.988026
-0.117067,1,13248.32815
-0.151066,1,13265.286602
-0.123662,1,13282.882336
-0.090117,1,13296.531665
-0.169677,1,13307.342616
-0.134298,1,13321.896082
-0.061536,1,13336.030117
-0.183787,1,13346.445938
-0.130556,1,13358.627051
-0.177369,1,13373.895793
-0.160589,1,13390.098749
-0.149275,1,13406.500975
-0.241567,1,13419.519778
-0.187394,1,13431.75995
-0.031904,1,13446.902312
-0.11719,1,13456.112162
-0.200245,1,13470.629071
-0.167715,1,13481.101695
-0.212124,1,13491.73117
-0.193989,1,13507.509419
-0.16719,1,13516.98238
-0.119809,1,13527.688882
-0.15803,1,13538.268219
-0.240503,1,13550.497756
-0.046642,1,13561.454233
-0.147312,1,13570.874998
-0.093687,1,13585.281673
-0.099674,1,13608.964973
-0.093701,1,13625.599551
-0.197553,1,13641.857919
-0.064412,1,13656.314322
-0.136961,1,13667.525248
-0.185501,1,13680.571005
-0.122437,1,13696.970745
-0.147094,1,13712.478252
-0.115474,1,13722.94824
-0.027552,1,13736.282342
-0.1513,1,13749.146617
-0.085419,1,13760.037145
-0.177005,1,13771.881696
-0.166464,1,13788.898512
-0.120394,1,13798.619045
-0.126194,1,13809.267181
-0.07769,1,13821.950929
-0.14424,1,13833.444712
-0.178313,1,13846.893968
-0.111682,1,13861.019786
-0.162043,1,13875.361731
-0.156005,1,13888.732047
-0.071984,1,13902.685952
-0.17278,1,13916.163167
-0.131588,1,13928.010317
-0.158218,1,13941.723373
-0.134675,1,13957.054173
-0.177719,1,13971.418242
-0.173019,1,13984.514467
-0.1987,1,13996.598135
-0.111942,1,14014.513419
-0.147067,1,14031.920558
-0.195063,1,14045.163544
-0.063117,1,14055.318116
-0.095701,1,14070.24255
-0.127135,1,14081.627009
-0.132622,1,14096.852476
-0.051835,1,14111.988632
-0.137639,1,14125.74461
-0.088737,1,14143.463436
-0.17578,1,14152.934034
-0.159411,1,14168.506296
-0.118254,1,14184.739336
-0.035686,1,14196.207314
-0.125771,1,14209.009203
-0.172836,1,14224.45744
-0.178435,1,14244.229632
-0.153099,1,14259.679225
-0.135686,1,14276.521066
-0.167128,1,14288.659226
-0.149924,1,14300.100094
-0.202676,1,14313.661397
-0.171551,1,14327.1913
-0.128115,1,14340.579264
-0.140336,1,14358.083974
-0.112454,1,14373.529639
-0.084985,1,14387.404755
-0.058169,1,14402.942469
-0.200205,1,14413.549253
-0.099815,1,14426.081061
-0.228742,1,14437.662332
-0.09606,1,14447.812703
-0.114451,1,14463.07442
-0.202252,1,14477.655758
-0.136071,1,14489.660564
-0.197449,1,14502.148441
-0.126283,1,14513.369776
-0.140716,1,14534.447689
-0.111763,1,14548.731261
-0.13172,1,14562.44967
-0.130011,1,14568.764493
-0.145292,1,14582.473858
-0.24831,1,14592.363988
-0.213499,1,14605.332479
-0.149342,1,14621.468343
-0.124061,1,14632.655521
-0.169874,1,14645.56437
-0.06465,1,14657.224644
-0.187197,1,14666.95418
-0.168109,1,14678.126868
-0.032764,1,14692.424205
-0.176067,1,14703.259494
-0.123227,1,14716.0501
-0.122148,1,14725.403519
-0.122173,1,14737.542661
-0.051588,1,14747.04859
-0.0993,1,14757.250244
-0.111966,1,14768.979395
-0.200741,1,14785.12065
-0.048092,1,14804.134323
-0.113242,1,14816.012626
-0.137321,1,14834.192869
-0.145931,1,14845.137236
-0.176875,1,14861.876659
-0.132871,1,14876.342747
-0.037405,1,14889.383255
-0.236018,1,14895.573752
-0.101414,1,14907.30227
-0.099743,1,14922.016541
-0.219547,1,14932.969499
-0.245347,1,14944.291123
-0.06607,1,14952.258691
-0.209351,1,14966.585309
-0.147152,1,14978.11977
-0.120882,1,14991.774453
-0.133463,1,15003.681174
-0.122101,1,15020.007919
-0.228599,1,15032.165942
-0.129087,1,15045.545805
-0.168359,1,15057.089377
-0.041682,1,15068.472031
-0.131651,1,15082.562908
-0.184588,1,15098.753264
-0.144336,1,15108.472588
-0.148898,1,15123.115638
-0.204215,1,15134.949755
-0.097089,1,15150.717974
-0.161105,1,15168.075687
-0.145179,1,15174.760288
-0.068172,1,15190.742736
-0.098109,1,15201.780735
-0.09775,1,15213.574914
-0.204913,1,15225.870582
-0.077737,1,15238.119051
-0.148897,1,15252.009539
-0.120789,1,15265.504814
-0.104444,1,15276.23445
-0.202317,1,15291.383112
-0.096817,1,15302.281755
-0.205425,1,15308.752797
-0.118966,1,15319.862008
-0.160425,1,15334.704436
-0.158208,1,15345.854102
-0.172151,1,15365.085482
-0.183633,1,15379.136825
-0.101834,1,15388.615034
-0.208233,1,15400.31466
-0.129017,1,15411.672445
-0.092096,1,15423.405627
-0.120805,1,15434.962565
-0.24537,1,15447.711608
-0.169031,1,15463.432842
-0.124748,1,15474.874451
-0.176565,1,15487.006126
-0.145398,1,15500.958682
-0.125981,1,15516.964322
-0.099509,1,15528.049954
-0.122781,1,15539.770409
-0.131242,1,15555.744835
-0.164767,1,15571.06885
-0.231232,1,15586.509875
-0.110836,1,15600.325606
-0.082919,1,15612.781349
-0.221827,1,15627.715641
-0.165881,1,15642.614328
-0.157298,1,15653.151659
-0.109654,1,15660.458721
-0.100443,1,15676.416965
-0.067896,1,15691.20594
-0.14055,1,15706.746931
-0.201285,1,15722.755291
-0.213169,1,15740.898195
-0.24595,1,15753.735339
-0.175058,1,15767.110943
-0.181378,1,15785.205957
-0.243819,1,15798.99912
-0.253307,1,15813.941124
-0.05164,1,15830.092619
-0.242759,1,15842.260425
-0.273738,1,15854.146605
-0.137485,1,15866.47934
-0.114615,1,15895.04253
-0.139521,1,15915.557321
-0.159633,1,15931.094901
-0.127989,1,15940.900249
-0.183812,1,15954.916514
-0.052473,1,15968.259462
-0.133863,1,15980.340027
-0.065411,1,16001.647821
-0.119407,1,16015.071387
-0.144086,1,16027.239388
-0.181846,1,16038.65418
-0.155116,1,16048.378415
-0.101145,1,16058.60195
-0.141373,1,16071.347258
-0.163563,1,16086.353641
-0.217999,1,16096.437458
-0.139535,1,16109.185146
-0.255058,1,16119.120157
-0.140487,1,16128.572733
-0.108126,1,16146.252658
-0.203542,1,16165.530196
-0.077102,1,16180.633856
-0.125836,1,16191.869411
-0.187873,1,16207.02606
-0.210125,1,16219.724996
-0.075654,1,16229.501582
-0.184831,1,16241.855317
-0.096325,1,16258.471634
-0.078358,1,16276.992101
-0.093767,1,16291.427104
-0.09296,1,16304.378077
-0.066189,1,16315.465752
-0.139955,1,16331.796309
-0.105405,1,16347.105139
-0.157737,1,16358.660058
-0.146278,1,16373.931303
-0.13494,1,16387.1837
-0.171512,1,16399.908616
-0.127677,1,16409.596335
-0.134348,1,16422.194586
-0.255967,1,16437.829651
-0.053636,1,16452.159307
-0.116536,1,16470.494305
-0.106869,1,16480.570698
-0.083511,1,16491.546523
-0.144153,1,16508.126105
-0.17928,1,16520.254822
-0.189794,1,16531.942364
-0.11683,1,16543.433543
-0.133158,1,16549.816873
-0.153267,1,16567.307499
-0.061656,1,16581.247939
-0.127817,1,16592.995203
-0.060503,1,16605.75738
-0.044685,1,16618.75202
-0.061183,1,16632.07764
-0.129479,1,16642.007985
-0.207299,1,16654.487459
-0.071974,1,16669.451818
-0.133714,1,16686.099265
-0.195465,1,16706.175486
-0.161566,1,16724.593886
-0.043986,1,16738.958216
-0.127343,1,16754.824737
-0.150658,1,16768.010248
-0.149394,1,16779.471239
-0.107065,1,16790.455484
-0.066228,1,16804.996859
-0.150272,1,16821.976353
-0.168095,1,16836.675057
-0.23523,1,16848.650829
-0.114287,1,16863.791423
-0.134086,1,16880.573642
-0.068264,1,16892.650092
-0.120964,1,16899.518968
-0.198547,1,16910.097195
-0.197402,1,16926.609521
-0.18807,1,16941.752544
-0.122277,1,16955.269223
-0.066802,1,16969.669523
-0.131556,1,16983.722096
-0.049165,1,17002.562058
-0.16546,1,17015.256352
-0.104081,1,17024.948142
-0.178361,1,17035.099702
-0.124985,1,17045.827642
-0.159317,1,17057.734825
-0.173238,1,17069.13769
-0.151729,1,17082.396024
-0.225873,1,17099.910515
-0.145021,1,17115.487619
-0.118109,1,17127.971883
-0.055077,1,17139.154884
-0.133889,1,17153.006077
-0.113168,1,17167.594754
-0.163516,1,17178.948036
-0.148765,1,17185.637918
-0.122148,1,17196.994982
-0.104447,1,17212.374739
-0.077617,1,17232.132754
-0.067419,1,17247.542472
-0.144062,1,17262.482183
-0.221252,1,17277.947334
-0.107288,1,17291.206219
-0.249287,1,17310.078762
-0.118802,1,17325.840246
-0.134628,1,17340.368986
-0.108142,1,17355.740933
-0.115794,1,17368.196789
-0.041877,1,17383.935776
-0.210534,1,17394.589364
-0.181684,1,17418.049133
-0.19342,1,17426.612811
-0.093033,1,17437.628819
-0.048755,1,17450.234802
-0.161321,1,17456.608449
-0.089971,1,17470.095615
-0.265708,1,17484.886624
-0.129882,1,17495.712107
-0.215751,1,17501.631661
-0.133664,1,17514.054757
-0.173919,1,17526.318101
-0.196521,1,17532.583379
-0.176337,1,17542.661646
-0.187599,1,17554.186276
-0.165868,1,17566.944364
-0.140014,1,17577.19927
-0.094945,1,17586.017598
-0.132587,1,17598.596324
-0.122367,1,17611.080703
-0.036449,1,17621.156088
-0.194374,1,17631.806488
-0.071917,1,17642.743209
-0.157015,1,17656.433653
-0.048992,1,17671.411667
-0.218045,1,17683.688067
-0.0653,1,17696.016527
-0.113305,1,17710.983204
-0.185802,1,17721.607675
-0.16428,1,17731.20544
-0.168865,1,17744.095259
-0.146458,1,17758.083156
-0.117982,1,17771.807628
-0.141315,1,17783.609923
-0.207765,1,17798.045978
-0.106399,1,17811.633276
-0.196175,1,17824.032399
-0.055881,1,17832.78252
-0.148613,1,17843.173103
-0.057581,1,17855.750779
-0.167287,1,17865.804275
-0.131788,1,17877.34059
-0.168967,1,17889.315037
-0.068287,1,17902.956268
-0.229793,1,17912.169605
-0.206369,1,17922.230178
-0.163454,1,17933.210515
-0.118176,1,17943.774118
-0.098618,1,17950.06358
-0.118319,1,17960.86665
-0.197039,1,17970.626963
-0.165215,1,17977.329284
-0.088432,1,17987.389653
-0.116321,1,18000.603791
-0.109396,1,18011.004051
-0.150219,1,18025.111512
-0.152607,1,18039.095161
-0.211226,1,18054.683124
-0.103188,1,18062.118845
-0.079358,1,18075.887298
-0.033556,1,18088.416328
-0.115897,1,18100.708109
-0.072697,1,18113.094265
-0.162314,1,18127.713565
-0.196767,1,18140.38597
-0.254208,1,18155.051102
-0.058297,1,18169.243412
-0.056244,1,18181.280152
-0.200987,1,18196.291585
-0.136255,1,18208.409958
-0.161606,1,18222.002104
-0.146493,1,18232.501679
-0.137498,1,18244.811538
-0.144351,1,18254.899329
-0.183244,1,18264.65466
-0.211119,1,18276.522143
-0.057977,1,18286.94144
-0.034322,1,18300.402126
-0.148312,1,18310.598502
-0.110513,1,18322.700835
-0.216736,1,18334.422627
-0.22053,1,18347.215233
-0.084903,1,18357.46045
-0.255853,1,18363.717866
-0.043124,1,18378.656535
-0.050813,1,18389.551318
-0.251441,1,18395.829701
-0.112902,1,18408.445589
-0.180958,1,18418.463002
-0.112141,1,18430.270903
-0.154688,1,18442.17686
-0.142306,1,18461.355896
-0.084401,1,18471.246584
-0.226114,1,18481.289959
-0.145465,1,18496.128463
-0.078695,1,18507.742815
-0.157173,1,18521.165158
-0.136134,1,18531.99893
-0.154566,1,18542.040063
-0.04237,1,18550.876318
-0.077034,1,18560.304502
-0.160687,1,18570.521955
-0.036239,1,18583.344016
-0.226231,1,18593.143437
-0.048844,1,18607.128035
-0.134323,1,18617.252634
-0.053627,1,18633.794934
-0.068615,1,18649.473399
-0.118442,1,18659.789176
-0.151139,1,18671.560008
-0.164325,1,18684.025037
-0.149919,1,18696.327169
-0.185038,1,18706.129642
-0.17696,1,18717.024577
-0.236142,1,18729.671811
-0.122869,1,18740.058991
-0.153164,1,18752.403156
-0.213239,1,18764.151363
-0.210288,1,18770.566628
-0.106184,1,18784.813141
-0.257546,1,18803.817286
-0.139714,1,18821.137231
-0.181357,1,18835.180601
-0.234814,1,18851.419551
-0.215563,1,18860.877787
-0.114312,1,18874.239279
-0.156511,1,18883.881986
-0.160008,1,18894.385684
-0.075996,1,18905.419251
-0.094555,1,18915.523923
-0.125349,1,18929.67328
-0.086242,1,18941.983011
-0.136925,1,18955.164371
-0.190089,1,18969.644866
-0.222679,1,18984.4775
-0.213227,1,18997.189789
-0.111655,1,19005.899886
-0.073888,1,19019.083746
-0.115197,1,19028.407382
-0.082853,1,19037.534104
-0.074486,1,19048.173614
-0.153465,1,19057.320426
-0.210631,1,19070.441005
-0.109045,1,19085.818073
-0.153285,1,19097.601809
-0.096818,1,19107.784699
-0.200578,1,19118.45635
-0.073861,1,19134.388817
-0.187586,1,19150.959276
-0.173079,1,19162.228028
-0.170347,1,19177.600244
-0.161872,1,19189.373013
-0.232439,1,19202.526569
-0.197487,1,19213.211746
-0.18311,1,19225.972358
-0.112939,1,19240.293157
-0.238428,1,19252.399181
-0.077846,1,19267.399091
-0.066262,1,19277.421264
-0.196844,1,19290.30851
-0.228901,1,19306.175645
-0.043066,1,19321.372127
-0.133715,1,19333.098071
-0.101059,1,19348.255293
-0.088402,1,19364.613015
-0.144064,1,19378.404749
-0.185447,1,19389.199702
-0.09534,1,19403.138371
-0.136302,1,19415.030842
-0.092732,1,19428.722832
-0.165372,1,19448.996865
-0.196123,1,19459.338719
-0.131725,1,19468.241087
-0.194826,1,19480.472604
-0.198225,1,19493.224037
-0.059993,1,19504.384983
-0.136807,1,19510.183675
-0.024074,1,19525.717229
-0.094064,1,19536.864162
-0.217393,1,19548.446965
-0.15885,1,19562.681031
-0.116437,1,19573.251035
-0.138935,1,19587.828995
-0.162065,1,19593.681345
-0.146481,1,19605.932
-0.244481,1,19616.685438
-0.139835,1,19629.94257
-0.145025,1,19640.531083
-0.073318,1,19653.286206
-0.159785,1,19667.57042
-0.121277,1,19684.377157
-0.182864,1,19694.803317
-0.090242,1,19707.792764
-0.217333,1,19717.879183
-0.105191,1,19728.76179
-0.121093,1,19739.950277
-0.153243,1,19751.195826
-0.215742,1,19756.949296
-0.041487,1,19780.131307
-0.078849,1,19798.764571
-0.06833,1,19809.2106
-0.059711,1,19821.509913
-0.202314,1,19834.710406
-0.11102,1,19845.465473
-0.13211,1,19861.496309
-0.06219,1,19878.370764
-0.150566,1,19891.952025
-0.166261,1,19904.487926
-0.143503,1,19913.859945
-0.233459,1,19922.432755
-0.191925,1,19936.850058
-0.049993,1,19947.163654
-0.220805,1,19963.63821
-0.163202,1,19975.941817
-0.143436,1,19984.767749
-0.063924,1,19995.387381
-0.122192,1,20006.198615
-0.140709,1,20016.257194
-0.125461,1,20032.670725
-0.193647,1,20047.510817
-0.118594,1,20056.561993
-0.131415,1,20068.798214
-0.117488,1,20086.771073
-0.178591,1,20098.816865
-0.166796,1,20108.763595
-0.173429,1,20123.080877
-0.030414,1,20137.232453
-0.16886,1,20146.493974
-0.103707,1,20156.651291
-0.117402,1,20170.570826
-0.150564,1,20185.561222
-0.100843,1,20195.776674
-0.107967,1,20208.848752
-0.115735,1,20224.349888
-0.153673,1,20235.497509
-0.050277,1,20248.727939
-0.130058,1,20258.333097
-0.150701,1,20268.598351
-0.180323,1,20277.270679
-0.229706,1,20291.460854
-0.120858,1,20303.939547
-0.134888,1,20316.481606
-0.063144,1,20326.555834
-0.155935,1,20337.51061
-0.159526,1,20346.178586
-0.209046,1,20351.975509
-0.035247,1,20366.274023
-0.216268,1,20380.140346
-0.179974,1,20390.298182
-0.145222,1,20400.723954
-0.122421,1,20414.387175
-0.155841,1,20423.182416
-0.070672,1,20435.019993
-0.066497,1,20448.021921
-0.054616,1,20462.097803
-0.121191,1,20476.904886
-0.155183,1,20487.157973
-0.227784,1,20497.480731
-0.175972,1,20508.835122
-0.19907,1,20521.406879
-0.132842,1,20533.86559
-0.166413,1,20543.213618
-0.228197,1,20553.304022
-0.130239,1,20569.975912
-0.220126,1,20582.065266
-0.188286,1,20593.083974
-0.178175,1,20603.908428
-0.157183,1,20616.944725
-0.120682,1,20633.848233
-0.138649,1,20647.987699
-0.141694,1,20658.394651
-0.153812,1,20671.165406
-0.151146,1,20680.24487
-0.117714,1,20697.226962
-0.126161,1,20710.644783
-0.243998,1,20720.104818
-0.180932,1,20730.292342
-0.222507,1,20742.506
-0.14658,1,20752.694893
-0.119095,1,20766.212209
-0.196669,1,20776.507615
-0.192654,1,20789.011969
-0.160093,1,20801.650444
-0.07845,1,20814.342116
-0.108984,1,20830.796559
-0.139429,1,20842.390039
-0.137742,1,20854.767764
-0.064015,1,20868.766134
-0.178775,1,20881.376602
-0.183008,1,20890.068632
-0.12367,1,20906.839521
-0.042559,1,20918.019442
-0.100788,1,20923.899938
-0.246519,1,20934.720707
-0.179561,1,20947.785814
-0.230994,1,20960.568634
-0.09921,1,20971.406672
-0.040985,1,20984.181695
-0.11254,1,20994.334065
-0.228896,1,21004.660672
-0.069325,1,21017.713297
-0.164165,1,21027.778012
-0.035392,1,21041.567674
-0.0577,1,21053.455705
-0.157429,1,21063.016704
-0.130627,1,21071.855096
-0.234237,1,21082.186615
-0.077608,1,21094.739925
-0.179233,1,21105.035805
-0.069886,1,21114.940192
-0.099075,1,21124.110969
-0.125478,1,21136.211575
-0.149289,1,21149.751969
-0.180189,1,21164.337584
-0.060414,1,21174.691574
-0.115788,1,21180.684738
-0.048272,1,21189.993706
-0.130746,1,21196.482369
-0.155106,1,21208.363255
-0.039734,1,21220.866888
-0.115899,1,21231.723338
-0.118231,1,21257.989104
-0.147938,1,21275.227594
-0.103716,1,21289.776708
-0.045969,1,21303.358371
-0.127754,1,21312.43188
-0.105394,1,21326.055537
-0.068601,1,21342.822076
-0.107873,1,21355.113757
-0.08416,1,21365.517935
-0.12172,1,21378.201621
-0.057109,1,21392.782938
-0.030045,1,21405.109229
-0.05655,1,21419.538864
-0.197973,1,21430.5013
-0.143323,1,21445.687268
-0.112633,1,21461.471435
-0.110851,1,21474.900315
-0.183436,1,21490.896424
-0.19106,1,21500.337734
-0.125261,1,21513.728462
-0.096786,1,21524.655859
-0.124593,1,21533.837215
-0.077803,1,21551.597603
-0.129971,1,21565.303957
-0.176085,1,21575.371358
-0.066575,1,21590.093619
-0.204175,1,21595.888202
-0.125226,1,21609.111388
-0.101077,1,21624.056065
-0.070628,1,21636.842121
-0.154471,1,21657.769528
-0.13824,1,21669.83822
-0.116952,1,21682.169979
-0.085084,1,21695.9268
-0.147903,1,21710.937736
-0.07779,1,21721.270547
-0.119796,1,21731.635812
-0.058718,1,21743.443143
-0.128588,1,21753.346433
-0.107745,1,21765.611901
-0.094965,1,21784.274629
-0.21314,1,21795.882003
-0.22801,1,21811.022745
-0.143969,1,21825.589425
-0.06534,1,21838.340654
-0.127619,1,21852.141995
-0.20437,1,21862.413598
-0.18655,1,21877.561451
-0.085171,1,21893.138489
-0.184147,1,21903.604016
-0.087289,1,21916.130422
-0.145891,1,21928.91732
-0.145107,1,21937.637403
-0.220861,1,21951.446275
-0.139624,1,21963.541824
-0.038892,1,21976.898117
-0.059241,1,21988.488988
-0.249332,1,22001.151196
-0.077117,1,22015.03866
-0.158197,1,22026.115842
-0.186919,1,22035.6982
-0.252274,1,22048.678403
-0.226679,1,22062.146031
-0.07823,1,22074.925018
-0.191405,1,22084.882995
-0.118449,1,22100.972002
-0.066257,1,22117.307867
-0.162996,1,22129.873781
-0.162711,1,22143.157317
-0.160555,1,22151.940088
-0.129378,1,22162.79801
-0.151349,1,22172.833026
-0.135989,1,22181.802621
-0.236256,1,22194.328034
-0.096934,1,22205.517193
-0.214019,1,22217.872334
-0.100225,1,22229.560426
-0.041944,1,22240.868504
-0.097594,1,22255.92253
-0.116148,1,22272.593703
-0.058512,1,22286.988949
-0.186113,1,22296.984551
-0.036252,1,22311.395437
-0.16033,1,22322.177191
-0.124549,1,22333.783568
-0.148474,1,22342.870315
-0.144146,1,22357.914826
-0.078436,1,22368.262569
-0.117573,1,22378.879219
-0.179581,1,22389.111688
-0.220709,1,22405.469404
-0.09139,1,22425.607013
-0.112502,1,22434.735495
-0.066813,1,22444.767503
-0.099812,1,22459.301531
-0.094897,1,22471.579792
-0.239239,1,22483.218674
-0.100924,1,22496.892745
-0.138309,1,22507.47397
-0.183457,1,22517.642459
-0.069395,1,22526.344368
-0.192617,1,22536.764494
-0.155567,1,22548.737451
-0.148716,1,22563.817461
-0.169177,1,22580.509943
-0.225939,1,22592.521225
-0.149477,1,22605.660427
-0.196086,1,22614.471786
-0.200056,1,22624.899287
-0.148296,1,22633.318858
-0.149463,1,22647.328222
-0.222729,1,22659.383885
-0.15093,1,22667.924435
-0.133984,1,22677.681781
-0.155633,1,22689.279719
-0.20102,1,22702.278069
-0.12322,1,22713.986133
-0.096692,1,22727.988369
-0.159717,1,22742.984858
-0.220948,1,22756.995647
-0.137724,1,22767.336014
-0.07816,1,22777.823838
-0.174301,1,22792.843243
-0.095895,1,22802.978328
-0.101202,1,22813.652719
-0.09411,1,22826.773076
-0.101328,1,22839.126478
-0.113786,1,22851.376737
-0.060218,1,22863.859734
-0.144902,1,22874.586621
-0.087302,1,22885.268779
-0.146966,1,22897.278173
-0.12863,1,22908.170326
-0.179652,1,22918.41166
-0.072562,1,22928.121
-0.07281,1,22943.954944
-0.156729,1,22954.413108
-0.203125,1,22964.731673
-0.082105,1,22977.578043
-0.22919,1,22990.59121
-0.162998,1,23001.279912
-0.169792,1,23014.05998
-0.152148,1,23021.037687
-0.130279,1,23033.229364
-0.089289,1,23046.777951
-0.118947,1,23057.990586
-0.187637,1,23073.417313
-0.196522,1,23086.177778
-0.125684,1,23097.38317
-0.138848,1,23113.107144
-0.139364,1,23130.516075
-0.233206,1,23145.738854
-0.118926,1,23158.197372
-0.208536,1,23171.072859
-0.111584,1,23185.305991
-0.172816,1,23197.68502
-0.224335,1,23209.813974
-0.162753,1,23221.253887
-0.075467,1,23233.277214
-0.151118,1,23246.903329
-0.159453,1,23261.667687
-0.064996,1,23270.563024
-0.219151,1,23282.475873
-0.068181,1,23295.521914
-0.180099,1,23307.530297
-0.18653,1,23321.826982
-0.093952,1,23331.501248
-0.160319,1,23347.491116
-0.057292,1,23363.612012
-0.124433,1,23372.705809
-0.093685,1,23382.989286
-0.106239,1,23394.320466
-0.17344,1,23411.854137
-0.078747,1,23421.946676
-0.166146,1,23435.264868
-0.110953,1,23450.302122
-0.210229,1,23462.540551
-0.166821,1,23475.017404
-0.112473,1,23487.193081
-0.233286,1,23497.125766
-0.041864,1,23513.275495
-0.101288,1,23526.312567
-0.202349,1,23537.577796
-0.103783,1,23553.387891
-0.093069,1,23570.276298
-0.061064,1,23580.600728
-0.041134,1,23594.29555
-0.052618,1,23603.898072
-0.228139,1,23617.832655
-0.155907,1,23635.282629
-0.179742,1,23643.895254
-0.079924,1,23656.946236
-0.033317,1,23666.802236
-0.055504,1,23676.528007
-0.137394,1,23691.770257
-0.140956,1,23704.980005
-0.188748,1,23713.9252
-0.135098,1,23723.59014
-0.188027,1,23734.899764
-0.216558,1,23750.08939
-0.240276,1,23756.667882
-0.107186,1,23772.11808
-0.148813,1,23781.78113
-0.067923,1,23794.322285
-0.163713,1,23804.490826
-0.030225,1,23814.823742
-0.090214,1,23828.811674
-0.143062,1,23834.631773
-0.202063,1,23847.023297
-0.181824,1,23859.665346
-0.123033,1,23873.465786
-0.140991,1,23890.248512
-0.188437,1,23902.318049
-0.126749,1,23908.582646
-0.061169,1,23920.679059
-0.148866,1,23934.067641
-0.162095,1,23944.433933
-0.230952,1,23959.80951
-0.186065,1,23974.18285
-0.171096,1,23980.186542
-0.088811,1,23990.202163
-0.036911,1,24000.077636
-0.160127,1,24013.625811
-0.194534,1,24025.152496
-0.144082,1,24036.673743
-0.188498,1,24057.770356
-0.139202,1,24070.914565
-0.129674,1,24083.279944
-0.097898,1,24093.914131
-0.194511,1,24102.719777
-0.085085,1,24114.655946
-0.21865,1,24127.004421
-0.101421,1,24140.801736
-0.195822,1,24151.403294
-0.067182,1,24163.46071
-0.105757,1,24178.545984
-0.190904,1,24190.291038
-0.117659,1,24200.471444
-0.075069,1,24210.635006
-0.165618,1,24225.422455
-0.239495,1,24236.367153
-0.06237,1,24248.384927
-0.248272,1,24262.123184
-0.220577,1,24272.665777
-0.177497,1,24286.044631
-0.175075,1,24296.526514
-0.200685,1,24307.712887
-0.075504,1,24324.468801
-0.139878,1,24336.879607
-0.188142,1,24352.327768
-0.086337,1,24361.031895
-0.05063,1,24369.85268
-0.125856,1,24382.277991
-0.123077,1,24392.643369
-0.24948,1,24406.069022
-0.130975,1,24418.226909
-0.057112,1,24426.828056
-0.151847,1,24439.334688
-0.161491,1,24448.283281
-0.184056,1,24456.867264
-0.131932,1,24465.398528
-0.15836,1,24471.893868
-0.214008,1,24486.793775
-0.135582,1,24499.808449
-0.228491,1,24511.044791
-0.117064,1,24525.170802
-0.146429,1,24537.585436
-0.178974,1,24549.902662
-0.172086,1,24566.556593
-0.080681,1,24576.991365
-0.218465,1,24587.244962
-0.075155,1,24596.691479
-0.143418,1,24611.819724
-0.097484,1,24626.093151
-0.136761,1,24636.250524
-0.2156,1,24647.211748
-0.211747,1,24656.788654
-0.13479,1,24667.985919
-0.10534,1,24677.795436
-0.116359,1,24688.13794
-0.228631,1,24694.031686
-0.063674,1,24706.14335
-0.069435,1,24720.179277
-0.122802,1,24730.723779
-0.136355,1,24745.569986
-0.111772,1,24758.304805
-0.081297,1,24766.978151
-0.116404,1,24780.047879
-0.175773,1,24790.081211
-0.129283,1,24800.302294
-0.102166,1,24811.178618
-0.244066,1,24821.925183
-0.142261,1,24848.38208
-0.097025,1,24859.874211
-0.195209,1,24876.095561
-0.173862,1,24889.35954
-0.160342,1,24899.681061
-0.236081,1,24916.19351
-0.161736,1,24926.05601
-0.115386,1,24938.673067
-0.127276,1,24949.95343
-0.130459,1,24961.091906
-0.092668,1,24972.728971
-0.169189,1,24986.852784
-0.220232,1,25002.463288
-0.159738,1,25015.004947
-0.131327,1,25031.663309
-0.127624,1,25051.910974
-0.069235,1,25062.070322
-0.16767,1,25073.883537
-0.166503,1,25088.993378
-0.119852,1,25106.057657
-0.160231,1,25119.046281
-0.096454,1,25129.451756
-0.02575,1,25143.132254
-0.204369,1,25153.637081
-0.212353,1,25164.541326
-0.036168,1,25176.875081
-0.146652,1,25205.718958
-0.271698,1,25214.568635
-0.149811,1,25225.774009
-0.143306,1,25236.15735
-0.09676,1,25245.115139
-0.058235,1,25258.73929
-0.084467,1,25273.386993
-0.120448,1,25278.932502
-0.119263,1,25290.542301
-0.094386,1,25303.007358
-0.169871,1,25316.265075
-0.029131,1,25330.456548
-0.135276,1,25345.826887
-0.11945,1,25360.007268
-0.166155,1,25372.427716
-0.123337,1,25384.845863
-0.125497,1,25397.974719
-0.09539,1,25407.351935
-0.180236,1,25419.225932
-0.162861,1,25430.79674
-0.065913,1,25443.569107
-0.208366,1,25457.713486
-0.113923,1,25466.507196
-0.120576,1,25477.037207
-0.221962,1,25489.228399
-0.191162,1,25497.788834
-0.203948,1,25507.929142
-0.111339,1,25522.927774
-0.114937,1,25536.093286
-0.205631,1,25549.89546
-0.151882,1,25563.554001
-0.180246,1,25574.954791
-0.14393,1,25581.384125
-0.230174,1,25590.585539
-0.079237,1,25606.39728
-0.224859,1,25619.043489
-0.052455,1,25636.845076
-0.163343,1,25654.689924
-0.178352,1,25668.628988
-0.139484,1,25684.079806
-0.199419,1,25694.338315
-0.123045,1,25704.429248
-0.183109,1,25713.658528
-0.086199,1,25722.49038
-0.042438,1,25738.415284
-0.118482,1,25749.175084
-0.133181,1,25759.513412
-0.167661,1,25770.295467
-0.180421,1,25784.506579
-0.153173,1,25794.751549
-0.235877,1,25804.985251
-0.240879,1,25813.64738
-0.235694,1,25826.676302
-0.142529,1,25838.895334
-0.108322,1,25851.231383
-0.199665,1,25866.625158
-0.170534,1,25882.87925
-0.120326,1,25902.804597
-0.102714,1,25913.306083
-0.193422,1,25923.912852
-0.102051,1,25930.33243
-0.057377,1,25943.481775
-0.246007,1,25949.431939
-0.118326,1,25962.834245
-0.190951,1,25982.164426
-0.107955,1,25999.202876
-0.04134,1,26014.232198
-0.116585,1,26028.185903
-0.18433,1,26038.482441
-0.120679,1,26045.385951
-0.192505,1,26058.838208
-0.121514,1,26069.653302
-0.079351,1,26081.228568
-0.107779,1,26087.510144
-0.097539,1,26100.050272
-0.052632,1,26112.653913
-0.065864,1,26122.590136
-0.114578,1,26137.012482
-0.197315,1,26147.899647
-0.099824,1,26160.03834
-0.156686,1,26170.939307
-0.230952,1,26182.282763
-0.135069,1,26196.360141
-0.14234,1,26209.321004
-0.133074,1,26219.646703
-0.070674,1,26231.4141
-0.089633,1,26246.53736
-0.128994,1,26263.839904
-0.149485,1,26278.508934
-0.162587,1,26292.742004
-0.090561,1,26302.514928
-0.130702,1,26312.120381
-0.139092,1,26321.801207
-0.044055,1,26329.243361
-0.195905,1,26338.627308
-0.169683,1,26349.81229
-0.173664,1,26363.89851
-0.067076,1,26378.403947
-0.178163,1,26384.88367
-0.081457,1,26397.071227
-0.194238,1,26411.770278
-0.178112,1,26418.061872
-0.082339,1,26428.089568
-0.228832,1,26440.973485
-0.142308,1,26451.481094
-0.097462,1,26464.117563
-0.068798,1,26478.840321
-0.09562,1,26494.697918
-0.203314,1,26505.389882
-0.091863,1,26515.870663
-0.120346,1,26525.127556
-0.226108,1,26538.046722
-0.108184,1,26555.84429
-0.193296,1,26569.184715
-0.055327,1,26579.611939
-0.101118,1,26589.475481
-0.233371,1,26600.680438
-0.129783,1,26615.354713
-0.192976,1,26626.977089
-0.103347,1,26633.185433
-0.077269,1,26643.645818
-0.133945,1,26653.893165
-0.152102,1,26660.082367
-0.1545,1,26672.647494
-0.183448,1,26681.623012
-0.161604,1,26693.302589
-0.078843,1,26705.709913
-0.15921,1,26711.559222
-0.170882,1,26720.778758
-0.184143,1,26733.10271
-0.152248,1,26739.55697
-0.159861,1,26754.628994
-0.195674,1,26768.09582
-0.055295,1,26777.239366
-0.225121,1,26786.313296
-0.140381,1,26799.331193
-0.179083,1,26814.918535
-0.125609,1,26835.192319
-0.201771,1,26847.824315
-0.146202,1,26856.683444
-0.054224,1,26868.069561
-0.116428,1,26885.610581
-0.166103,1,26898.768239
-0.100213,1,26908.454357
-0.102672,1,26918.448057
-0.205021,1,26933.515517
-0.133714,1,26945.014508
-0.201708,1,26957.123679
-0.214028,1,26969.167625
-0.159631,1,26979.45896
-0.142863,1,26991.903799
-0.094356,1,27006.363065
-0.192688,1,27015.12968
-0.099787,1,27021.491809
-0.212437,1,27034.17123
-0.135918,1,27049.15388
-0.156931,1,27062.161982
-0.206964,1,27078.526639
-0.179724,1,27087.132844
-0.13867,1,27099.400517
-0.198418,1,27114.938421
-0.072866,1,27130.00336
-0.122264,1,27144.896706
-0.061063,1,27158.972566
-0.223754,1,27173.102937
-0.167818,1,27186.596061
-0.029485,1,27199.004636
-0.162816,1,27216.695903
-0.145501,1,27232.273349
-0.22237,1,27244.775041
-0.160068,1,27253.630819
-0.054217,1,27263.122203
-0.153281,1,27276.605631
-0.155192,1,27285.682251
-0.164893,1,27301.564485
-0.178003,1,27313.614219
-0.230169,1,27327.410518
-0.09555,1,27337.426327
-0.212189,1,27348.257164
-0.188888,1,27361.098172
-0.074749,1,27374.846668
-0.116773,1,27387.938112
-0.137724,1,27401.947654
-0.184885,1,27414.855878
-0.197325,1,27428.265491
-0.171312,1,27442.521423
-0.128228,1,27459.998265
-0.118647,1,27472.505807
-0.170159,1,27487.753339
-0.124808,1,27500.699951
-0.163954,1,27515.426812
-0.151744,1,27528.328684
-0.035151,1,27541.080651
-0.177576,1,27554.766122
-0.092703,1,27572.234703
-0.199793,1,27583.993374
-0.115433,1,27594.189322
-0.12458,1,27604.806801
-0.141589,1,27616.591471
-0.153807,1,27626.682975
-0.127691,1,27637.542187
-0.166288,1,27651.80148
-0.163235,1,27662.129668
-0.147829,1,27670.94738
-0.251772,1,27683.541188
-0.147785,1,27693.893998
-0.13366,1,27710.204773
-0.11338,1,27722.417638
-0.158329,1,27733.148647
-0.08429,1,27744.021146
-0.230258,1,27760.479517
-0.14367,1,27773.38379
-0.093387,1,27785.436269
-0.226769,1,27797.551685
-0.071294,1,27810.104203
-0.056356,1,27824.287209
-0.205818,1,27835.153598
-0.218934,1,27847.729426
-0.055183,1,27857.734543
-0.17059,1,27871.137473
-0.149423,1,27882.804219
-0.153974,1,27896.061919
-0.145443,1,27908.396965
-0.128751,1,27920.954693
-0.055944,1,27933.312808
-0.056521,1,27947.938907
-0.087085,1,27961.956233
-0.156611,1,27973.665189
-0.046445,1,27987.800175
-0.268364,1,27999.333259
-0.217317,1,28011.905146
-0.123744,1,28024.673405
-0.207484,1,28033.47699
-0.139917,1,28047.505908
-0.030103,1,28060.827781
-0.067065,1,28071.947211
-0.184033,1,28086.592674
-0.12078,1,28096.467063
-0.234772,1,28107.430437
-0.079165,1,28121.454556
-0.13428,1,28130.232643
-0.103683,1,28145.865026
-0.103783,1,28161.618722
-0.113735,1,28171.758658
-0.060882,1,28184.000337
-0.114731,1,28195.873878
-0.23011,1,28208.668964
-0.114261,1,28219.552147
-0.159604,1,28229.821439
-0.220408,1,28244.508363
-0.104286,1,28255.234003
-0.137512,1,28268.365984
-0.224898,1,28284.02266
-0.056673,1,28295.301118
-0.069892,1,28309.157292
-0.155987,1,28319.657674
-0.045904,1,28325.831247
-0.114531,1,28334.723341
-0.200425,1,28348.880765
-0.08266,1,28363.180719
-0.169189,1,28374.620872
-0.196352,1,28387.283947
-0.117644,1,28397.521545
-0.172086,1,28411.869908
-0.190231,1,28420.292176
-0.110354,1,28431.110553
-0.154013,1,28444.157538
-0.114807,1,28454.213546
-0.183288,1,28468.310962
-0.182689,1,28481.727916
-0.220346,1,28492.81249
-0.077341,1,28507.100623
-0.052323,1,28516.694275
-0.199887,1,28525.568302
-0.128878,1,28534.486159
-0.120804,1,28549.514609
-0.085119,1,28564.486092
-0.124366,1,28581.2277
-0.225831,1,28587.694036
-0.106177,1,28600.921781
-0.218477,1,28612.721085
-0.108261,1,28626.67461
-0.157706,1,28640.981873
-0.055265,1,28652.526292
-0.161711,1,28662.83345
-0.149979,1,28673.009889
-0.192957,1,28683.87761
-0.147895,1,28696.412476
-0.130838,1,28713.626347
-0.098844,1,28726.462797
-0.145125,1,28738.000221
-0.183527,1,28748.169821
-0.240662,1,28760.532522
-0.058318,1,28770.714691
-0.192664,1,28786.935086
-0.185937,1,28799.157876
-0.145508,1,28811.16414
-0.035001,1,28824.993857
-0.206787,1,28835.524571
-0.166456,1,28848.447596
-0.135277,1,28861.792076
-0.155976,1,28874.87449
-0.112077,1,28886.615393
-0.124467,1,28898.915062
-0.128306,1,28912.718271
-0.116644,1,28922.818156
-0.082271,1,28935.241935
-0.127064,1,28946.366217
-0.06614,1,28955.435656
-0.079742,1,28965.988046
-0.143376,1,28979.422264
-0.181918,1,28985.404818
-0.092837,1,28997.518272
-0.217401,1,29011.917629
-0.046469,1,29023.038155
-0.144388,1,29039.401433
-0.201696,1,29058.349483
-0.103053,1,29070.24336
-0.205093,1,29082.296005
-0.195618,1,29096.975937
-0.16201,1,29107.900578
-0.098115,1,29118.408443
-0.129416,1,29128.57677
-0.05062,1,29144.640611
-0.056673,1,29158.381113
-0.079615,1,29172.15873
-0.107556,1,29187.169527
-0.092229,1,29197.568776
-0.184524,1,29210.24684
-0.141837,1,29221.32534
-0.153346,1,29233.531021
-0.116446,1,29247.215925
-0.035561,1,29259.583759
-0.090494,1,29269.772535
-0.156961,1,29280.024622
-0.16142,1,29290.560494
-0.148478,1,29301.795834
-0.181788,1,29312.519394
-0.165458,1,29326.04115
-0.209651,1,29340.399417
-0.147408,1,29351.130474
-0.041383,1,29363.804105
-0.065318,1,29375.98249
-0.106808,1,29386.443129
-0.171036,1,29397.706774
-0.203342,1,29407.012425
-0.197501,1,29417.456751
-0.210842,1,29432.47951
-0.087277,1,29444.572772
-0.214984,1,29461.265471
-0.118765,1,29472.24098
-0.099636,1,29485.9064
-0.223424,1,29498.775015
-0.195517,1,29512.60866
-0.151527,1,29522.898129
-0.094015,1,29539.818446
-0.206988,1,29555.705229
-0.091415,1,29566.366659
-0.174627,1,29580.875621
-0.108121,1,29589.84195
-0.149169,1,29603.053607
-0.145575,1,29613.458781
-0.165741,1,29621.335607
-0.144849,1,29638.843575
-0.171932,1,29650.977533
-0.17544,1,29663.887362
-0.097777,1,29676.523312
-0.151209,1,29688.952924
-0.171229,1,29699.343598
-0.061887,1,29705.772683
-0.120547,1,29721.941767
-0.141597,1,29737.94819
-0.260998,1,29752.589833
-0.132941,1,29762.801466
-0.09791,1,29776.876426
-0.168516,1,29791.163098
-0.100064,1,29808.646137
-0.082702,1,29818.991542
-0.138732,1,29828.996731
-0.044978,1,29839.291493
-0.179606,1,29852.870447
-0.246629,1,29866.346971
-0.207929,1,29876.618675
-0.170343,1,29887.011703
-0.102919,1,29899.742944
-0.153449,1,29910.184852
-0.126698,1,29925.104964
-0.146286,1,29938.669659
-0.105598,1,29953.425657
-0.056398,1,29970.909318
-0.210324,1,29982.807982
-0.103113,1,29989.481422
-0.066155,1,30005.723369
-0.134624,1,30016.419533
-0.05581,1,30031.521146
-0.092784,1,30042.795407
-0.153649,1,30057.560396
-0.131774,1,30066.960172
-0.102937,1,30078.875134
-0.08103,1,30084.862015
-0.169651,1,30095.058638
-0.116257,1,30107.667644
-0.1525,1,30118.1879
-0.061035,1,30133.00398
-0.130357,1,30144.766115
-0.173918,1,30158.305943
-0.193401,1,30172.402113
-0.134423,1,30182.416027
-0.045133,1,30192.273594
-0.130697,1,30202.516004
-0.114557,1,30212.480615
-0.186305,1,30222.901278
-0.159452,1,30235.786887
-0.252153,1,30246.725123
-0.083807,1,30261.098772
-0.080261,1,30271.503148
-0.23012,1,30282.015044
-0.159281,1,30293.734903
-0.145689,1,30304.122703
-0.114489,1,30320.889436
-0.148605,1,30329.574845
-0.105139,1,30342.252457
-0.196099,1,30354.774337
-0.119506,1,30367.268215
-0.171018,1,30381.952667
-0.082453,1,30400.459545
-0.14378,1,30412.786072
-0.131329,1,30432.341795
-0.18188,1,30444.174691
-0.190932,1,30456.858776
-0.099102,1,30471.902051
-0.143752,1,30485.04879
-0.186087,1,30500.336475
-0.086383,1,30506.913481
-0.159384,1,30518.016225
-0.140058,1,30524.331786
-0.083468,1,30536.774867
-0.096149,1,30542.829298
-0.142559,1,30556.176082
-0.130769,1,30569.182247
-0.132847,1,30580.879912
-0.106192,1,30592.590974
-0.133567,1,30604.237442
-0.153524,1,30615.215489
-0.124184,1,30628.917366
-0.072617,1,30644.749839
-0.151746,1,30657.856767
-0.116622,1,30671.334683
-0.13202,1,30682.856042
-0.110154,1,30694.556235
-0.159685,1,30707.119499
-0.145598,1,30720.44546
-0.146826,1,30741.362934
-0.1196,1,30755.096475
-0.13895,1,30763.99949
-0.061835,1,30772.747004
-0.112248,1,30785.085168
-0.082948,1,30797.816339
-0.162638,1,30804.217026
-0.116342,1,30819.597454
-0.137877,1,30836.374463
-0.196772,1,30848.579255
-0.269954,1,30863.052768
-0.185364,1,30875.443147
-0.112748,1,30884.429847
-0.090311,1,30900.259976
-0.119239,1,30912.754843
-0.1321,1,30921.838948
-0.106584,1,30931.290998
-0.144083,1,30941.807285
-0.173664,1,30960.879724
-0.089318,1,30977.131216
-0.073219,1,30987.662869
-0.087001,1,30994.406813
-0.174264,1,31006.270728
-0.091003,1,31019.978045
-0.092797,1,31027.347937
-0.146223,1,31037.797363
-0.103504,1,31051.290809
-0.154552,1,31062.729906
-0.208141,1,31074.510059
-0.146232,1,31090.081428
-0.099961,1,31105.13686
-0.143152,1,31114.683124
-0.115748,1,31125.203552
-0.201751,1,31144.850429
-0.185877,1,31163.755431
-0.129867,1,31176.911767
-0.220908,1,31187.502351
-0.132093,1,31200.289443
-0.107006,1,31210.469824
-0.181831,1,31219.612115
-0.155484,1,31230.301526
-0.088895,1,31239.569368
-0.095386,1,31251.868842
-0.191751,1,31270.281325
-0.104628,1,31280.68777
-0.13371,1,31293.742383
-0.161441,1,31305.866624
-0.134427,1,31318.127558
-0.173379,1,31330.388018
-0.202011,1,31339.375901
-0.125518,1,31353.09943
-0.149806,1,31363.953764
-0.144662,1,31378.041644
-0.107292,1,31389.928018
-0.074391,1,31402.378649
-0.179437,1,31411.213902
-0.067428,1,31423.331441
-0.250948,1,31428.836879
-0.164715,1,31439.967614
-0.196567,1,31450.135651
-0.229463,1,31460.805687
-0.09296,1,31473.490265
-0.105718,1,31489.725624
-0.085246,1,31502.203093
-0.169029,1,31515.046576
-0.145454,1,31531.069023
-0.125377,1,31541.641118
-0.139352,1,31553.21592
-0.140969,1,31566.938757
-0.139335,1,31580.238586
-0.032858,1,31591.073908
-0.055161,1,31603.18817
-0.151113,1,31613.978151
-0.152989,1,31629.208091
-0.141357,1,31643.056941
-0.057658,1,31655.833336
-0.101564,1,31668.51247
-0.184116,1,31674.440295
-0.115865,1,31685.35865
-0.151686,1,31700.965749
-0.21675,1,31712.574515
-0.101444,1,31725.157534
-0.083937,1,31735.50347
-0.186671,1,31745.498928
-0.200686,1,31755.698206
-0.225831,1,31761.904626
-0.154745,1,31770.516736
-0.256204,1,31783.516242
-0.177277,1,31799.474712
-0.066542,1,31811.422279
-0.083926,1,31821.43942
-0.064337,1,31838.036517
-0.033163,1,31848.269495
-0.112257,1,31859.394605
-0.141544,1,31873.424574
-0.174156,1,31883.564307
-0.147726,1,31902.119331
-0.102508,1,31914.819669
-0.086173,1,31924.03286
-0.115454,1,31938.448111
-0.164542,1,31952.799191
-0.155746,1,31964.533366
-0.245411,1,31977.924294
-0.206147,1,31990.70658
-0.16105,1,32002.483737
-0.183802,1,32013.026452
-0.237201,1,32026.878253
-0.10258,1,32037.943801
-0.073371,1,32053.645737
-0.22539,1,32068.328102
-0.086057,1,32083.250307
-0.184972,1,32092.922728
-0.139368,1,32102.484736
-0.179904,1,32114.976533
-0.161331,1,32125.222618
-0.138289,1,32135.993001
-0.095743,1,32155.58159
-0.263967,1,32165.847705
-0.171818,1,32172.174436
-0.118789,1,32183.619241
-0.166907,1,32189.432009
-0.05036,1,32203.647339
-0.144459,1,32222.235488
-0.128176,1,32236.682493
-0.077697,1,32250.170224
-0.182021,1,32264.618407
-0.145729,1,32276.813611
-0.059952,1,32292.859131
-0.128142,1,32305.131619
-0.121657,1,32315.995901
-0.087999,1,32329.159342
-0.101328,1,32340.941579
-0.118036,1,32353.912875
-0.169804,1,32364.376936
-0.162735,1,32373.72336
-0.158449,1,32387.014524
-0.029627,1,32398.827372
-0.061774,1,32412.812921
-0.114839,1,32431.54263
-0.24622,1,32443.87774
-0.186738,1,32454.240718
-0.190116,1,32465.170253
-0.106871,1,32476.245126
-0.054315,1,32491.454382
-0.025293,1,32507.234113
-0.096948,1,32518.471114
-0.142266,1,32536.701051
-0.169333,1,32554.586366
-0.131073,1,32565.90228
-0.158029,1,32579.528111
-0.167493,1,32598.128714
-0.038496,1,32606.006778
-0.059713,1,32624.157583
-0.120504,1,32630.000049
-0.086127,1,32644.34406
-0.125196,1,32657.118078
-0.212959,1,32667.392182
-0.080441,1,32680.435216
-0.09387,1,32689.487237
-0.179125,1,32700.260535
-0.087718,1,32715.39344
-0.17137,1,32724.89721
-0.157225,1,32736.789236
-0.111231,1,32747.449602
-0.162883,1,32756.185076
-0.164447,1,32769.568367
-0.139053,1,32780.554797
-0.130403,1,32791.175921
-0.09686,1,32801.315601
-0.150062,1,32815.890875
-0.151493,1,32828.223903
-0.160388,1,32842.209286
-0.172372,1,32857.689759
-0.114901,1,32870.528461
-0.206661,1,32888.046975
-0.123675,1,32905.845063
-0.226074,1,32916.794587
-0.256354,1,32925.45331
-0.163538,1,32936.360568
-0.170189,1,32948.169374
-0.107127,1,32960.338164
-0.109688,1,32973.346607
-0.170134,1,32990.188941
-0.198206,1,33002.027586
-0.160806,1,33016.028337
-0.088264,1,33030.908802
-0.130341,1,33045.690337
-0.222744,1,33057.944076
-0.093347,1,33075.914401
-0.140536,1,33091.263689
-0.235215,1,33101.54476
-0.127846,1,33111.520566
-0.13132,1,33123.77931
-0.187046,1,33134.340066
-0.15542,1,33151.920357
-0.218631,1,33160.785975
-0.154134,1,33177.219535
-0.087796,1,33190.318436
-0.094243,1,33202.208034
-0.092166,1,33217.248729
-0.203134,1,33222.887101
-0.253139,1,33235.986955
-0.105428,1,33246.234867
-0.159849,1,33257.915355
-0.235814,1,33270.27026
-0.156422,1,33281.171165
-0.092491,1,33290.061893
-0.218184,1,33302.676661
-0.101643,1,33311.546247
-0.167359,1,33324.546491
-0.130223,1,33334.952246
-0.106684,1,33348.993001
-0.176043,1,33362.539778
-0.044963,1,33372.970118
-0.138124,1,33387.362032
-0.078332,1,33396.364676
-0.218843,1,33406.462263
-0.101356,1,33420.785666
-0.099163,1,33434.477082
-0.17209,1,33444.798016
-0.031063,1,33460.719911
-0.134188,1,33471.387753
-0.171804,1,33482.357188
-0.153535,1,33493.357504
-0.178421,1,33506.792884
-0.119866,1,33512.802622
-0.10253,1,33522.243798
-0.191768,1,33532.893194
-0.174782,1,33545.150344
-0.152713,1,33556.914794
-0.101677,1,33570.484471
-0.16144,1,33580.896857
-0.201767,1,33590.363401
-0.099596,1,33600.718416
-0.078582,1,33611.150179
-0.243793,1,33620.191591
-0.176515,1,33631.177295
-0.225948,1,33648.697134
-0.119494,1,33661.156488
-0.168488,1,33670.633046
-0.102219,1,33682.866684
-0.112688,1,33694.373344
-0.117586,1,33710.794901
-0.053331,1,33729.857288
-0.161478,1,33744.017757
-0.098372,1,33752.884701
-0.049649,1,33762.557934
-0.081707,1,33772.245189
-0.220366,1,33781.032944
-0.117899,1,33791.495868
-0.149129,1,33800.895508
-0.08234,1,33811.440096
-0.054527,1,33824.266374
-0.161469,1,33840.548196
-0.151145,1,33854.301204
-0.229864,1,33869.559373
-0.033838,1,33883.372805
-0.081938,1,33893.367454
-0.173645,1,33906.015294
-0.165051,1,33921.583966
-0.152083,1,33935.873388
-0.197606,1,33950.689541
-0.119992,1,33965.787862
-0.050726,1,33975.996886
-0.164119,1,33986.386306
-0.176044,1,33999.855105
-0.14307,1,34010.28295
-0.210893,1,34027.515544
-0.046663,1,34036.303843
-0.159849,1,34052.628945
-0.136732,1,34075.084611
-0.068659,1,34087.256387
-0.136979,1,34101.977782
-0.17739,1,34114.093604
-0.144228,1,34128.303398
-0.105899,1,34137.405894
-0.201522,1,34152.656376
-0.145847,1,34163.510821
-0.182021,1,34169.517282
-0.093354,1,34180.323282
-0.166841,1,34192.33262
-0.200246,1,34202.636128
-0.122624,1,34212.86968
-0.16748,1,34226.799276
-0.082808,1,34239.174793
-0.225316,1,34250.032185
-0.107738,1,34262.903263
-0.117683,1,34275.280298
-0.236549,1,34286.538438
-0.17231,1,34299.766396
-0.083519,1,34312.030578
-0.113391,1,34322.516921
-0.2043,1,34335.00407
-0.251116,1,34344.507379
-0.091742,1,34354.748946
-0.128368,1,34369.096026
-0.118008,1,34379.756725
-0.049093,1,34396.08538
-0.098953,1,34405.769287
-0.110065,1,34415.469731
-0.213425,1,34426.258325
-0.117468,1,34441.016325
-0.03448,1,34451.092828
-0.126593,1,34464.858378
-0.08679,1,34474.899972
-0.151249,1,34487.436421
-0.10008,1,34499.350382
-0.183382,1,34512.997539
-0.182969,1,34527.524321
-0.167734,1,34540.883882
-0.07439,1,34553.4539
-0.220522,1,34568.330477
-0.119752,1,34583.420685
-0.195606,1,34596.790395
-0.105298,1,34614.779171
-0.098908,1,34628.857094
-0.161537,1,34638.366647
-0.234778,1,34643.995902
-0.212195,1,34655.027474
-0.075285,1,34663.992151
-0.193725,1,34674.989
-0.236639,1,34684.240452
-0.088548,1,34694.590168
-0.109519,1,34704.937148
-0.101583,1,34719.653855
-0.151476,1,34725.880618
-0.154644,1,34738.61146
-0.177115,1,34754.578689
-0.228091,1,34765.379008
-0.125712,1,34778.753039
-0.162936,1,34792.591429
-0.198337,1,34810.306452
-0.086794,1,34822.644984
-0.071953,1,34834.829221
-0.064442,1,34854.855934
-0.165824,1,34867.4949
-0.200375,1,34880.574149
-0.150615,1,34903.665685
-0.176417,1,34917.614311
-0.05674,1,34932.640578
-0.119674,1,34945.890765
-0.09279,1,34958.883461
-0.171291,1,34971.729839
-0.108537,1,34981.73828
-0.053839,1,34993.8368
-0.136432,1,35003.303501
-0.169673,1,35016.086778
-0.112929,1,35028.657331
-0.104555,1,35041.088316
-0.17596,1,35051.601232
-0.118815,1,35062.040469
-0.048523,1,35074.816386
-0.169972,1,35084.295027
-0.188359,1,35096.917016
-0.154709,1,35109.048128
-0.207094,1,35120.981737
-0.075055,1,35133.132823
-0.145414,1,35148.943919
-0.203832,1,35159.299986
-0.153531,1,35169.755542
-0.090709,1,35183.178839
-0.101741,1,35200.980078
-0.173138,1,35214.039001
-0.217899,1,35224.931017
-0.200848,1,35240.735588
-0.127296,1,35254.593214
-0.185447,1,35263.424169
-0.081682,1,35273.527308
-0.151407,1,35283.230226
-0.179563,1,35293.945668
-0.1937,1,35306.569659
-0.076555,1,35313.183956
-0.140109,1,35328.470014
-0.137057,1,35340.762656
-0.108188,1,35353.554385
-0.108388,1,35366.640063
-0.064245,1,35379.476173
-0.164551,1,35388.561918
-0.138798,1,35398.330239
-0.060999,1,35410.419221
-0.127324,1,35420.732166
-0.149678,1,35430.873158
-0.065159,1,35445.110506
-0.131914,1,35455.649422
-0.200843,1,35466.564661
-0.086879,1,35481.896733
-0.149637,1,35494.287625
-0.121487,1,35507.646106
-0.136203,1,35519.457792
-0.184696,1,35532.738358
-0.09234,1,35546.848596
-0.178152,1,35557.428973
-0.094146,1,35567.734819
-0.060331,1,35581.071624
-0.085067,1,35594.488299
-0.219819,1,35605.939944
-0.152564,1,35619.980423
-0.151839,1,35632.136227
-0.147264,1,35644.399626
-0.084864,1,35656.577651
-0.208268,1,35665.792136
-0.078921,1,35678.774197
-0.133206,1,35692.622999
-0.076453,1,35701.716174
-0.097089,1,35712.434132
-0.180821,1,35723.472246
-0.188013,1,35735.810477
-0.257508,1,35751.529344
-0.13708,1,35768.458694
-0.137006,1,35778.836015
-0.118567,1,35792.752049
-0.113099,1,35802.678747
-0.236882,1,35814.068864
-0.174682,1,35831.620495
-0.164184,1,35837.81034
-0.170037,1,35852.02872
-0.146594,1,35865.403665
-0.194879,1,35878.027277
-0.195151,1,35888.288003
-0.081784,1,35901.138665
-0.172264,1,35910.781031
-0.045731,1,35921.07387
-0.047343,1,35927.022791
-0.143663,1,35937.42492
-0.073173,1,35950.998737
-0.211763,1,35961.412706
-0.048194,1,35971.465651
-0.213091,1,35981.791905
-0.188817,1,35990.359536
-0.132571,1,36003.470992
-0.145489,1,36014.358497
-0.138136,1,36026.662758
-0.149493,1,36039.64108
-0.138562,1,36049.078115
-0.108383,1,36060.740278
-0.168375,1,36071.799471
-0.139991,1,36079.304973
-0.141605,1,36089.75319
-0.203501,1,36103.123696
-0.211482,1,36116.935457
-0.106875,1,36125.739587
-0.157281,1,36140.482203
-0.113449,1,36154.279744
-0.133425,1,36168.241385
-0.201373,1,36180.542118
-0.096259,1,36197.420987
-0.199275,1,36213.982597
-0.204225,1,36224.854917
-0.238667,1,36237.238391
-0.112303,1,36253.510892
-0.229191,1,36266.500735
-0.155226,1,36279.398642
-0.045165,1,36289.131126
-0.170632,1,36302.830075
-0.112767,1,36318.105792
-0.233764,1,36331.034437
-0.128606,1,36344.378966
-0.03304,1,36356.390608
-0.153382,1,36367.173212
-0.182236,1,36373.315547
-0.211094,1,36383.631761
-0.13449,1,36399.378954
-0.074503,1,36409.443463
-0.248422,1,36419.251293
-0.171877,1,36432.3252
-0.111286,1,36452.479345
-0.11871,1,36464.904198
-0.158547,1,36475.75501
-0.154163,1,36481.160175
-0.031729,1,36489.814247
-0.084379,1,36500.15766
-0.176769,1,36514.846488
-0.181542,1,36525.481292
-0.181637,1,36534.147166
-0.069394,1,36546.875861
-0.197295,1,36560.299414
-0.210129,1,36574.13713
-0.136535,1,36590.812073
-0.159917,1,36601.3551
-0.178587,1,36616.409436
-0.162785,1,36630.49819
-0.138803,1,36639.08571
-0.06758,1,36653.507676
-0.061312,1,36662.965191
-0.155116,1,36675.923253
-0.121494,1,36689.936091
-0.111048,1,36700.819904
-0.110337,1,36711.475452
-0.258776,1,36722.063043
-0.187381,1,36734.967252
-0.182726,1,36745.179136
-0.22066,1,36758.418656
-0.124973,1,36768.840598
-0.123791,1,36781.817227
-0.083891,1,36791.847108
-0.219902,1,36804.862342
-0.192028,1,36814.99931
-0.169854,1,36829.994798
-0.177846,1,36845.705033
-0.182993,1,36855.965792
-0.123887,1,36868.571839
-0.126563,1,36882.301083
-0.161146,1,36892.977519
-0.047914,1,36903.547377
-0.123316,1,36919.516121
-0.129954,1,36930.839489
-0.106224,1,36937.272763
-0.113289,1,36952.122671
-0.080107,1,36966.536453
-0.218446,1,36978.556007
-0.083637,1,36990.422828
-0.095466,1,36999.310558
-0.13668,1,37008.981246
-0.066153,1,37015.453603
-0.231069,1,37029.654092
-0.113454,1,37042.848688
-0.070888,1,37055.112355
-0.181892,1,37065.647295
-0.137563,1,37074.978014
-0.115874,1,37089.30612
-0.105684,1,37103.418103
-0.125836,1,37115.317884
-0.054741,1,37128.935443
-0.103689,1,37138.155299
-0.173777,1,37153.03283
-0.120538,1,37164.848581
-0.083026,1,37177.86418
-0.181428,1,37183.63903
-0.143587,1,37193.069098
-0.151293,1,37203.57099
-0.120606,1,37214.005182
-0.17673,1,37225.906557
-0.164205,1,37236.253778
-0.06842,1,37249.512005
-0.240434,1,37266.88961
-0.146984,1,37283.864339
-0.106106,1,37297.623532
-0.053301,1,37308.672508
-0.063979,1,37321.21853
-0.181158,1,37331.748964
-0.195843,1,37342.268762
-0.09594,1,37356.459756
-0.177824,1,37368.822617
-0.132732,1,37379.713531
-0.139521,1,37390.088931
-0.178214,1,37403.21236
-0.163757,1,37409.473293
-0.062405,1,37418.939101
-0.083223,1,37427.62996
-0.211396,1,37436.40199
-0.167842,1,37446.487271
-0.144817,1,37460.56752
-0.120904,1,37473.982603
-0.103858,1,37483.886342
-0.120937,1,37492.810805
-0.116527,1,37508.398073
-0.103849,1,37522.946916
-0.085587,1,37535.379872
-0.116827,1,37544.498244
-0.173251,1,37550.383738
-0.148615,1,37559.898715
-0.05124,1,37570.80911
-0.129236,1,37584.462433
-0.225654,1,37599.140988
-0.155197,1,37612.505288
-0.13111,1,37628.530861
-0.199437,1,37640.929857
-0.197173,1,37654.648106
-0.132186,1,37669.586225
-0.170761,1,37680.703807
-0.193053,1,37696.509574
-0.112814,1,37709.296353
-0.128209,1,37720.591709
-0.236361,1,37730.69109
-0.038567,1,37741.34097
-0.108344,1,37752.093665
-0.090847,1,37761.294199
-0.133023,1,37777.203243
-0.101921,1,37783.615379
-0.185453,1,37789.602573
-0.191042,1,37800.455479
-0.081501,1,37810.845437
-0.210139,1,37826.295092
-0.104189,1,37841.057935
-0.125389,1,37847.20424
-0.139811,1,37858.861718
-0.11654,1,37872.467502
-0.238008,1,37886.383325
-0.105164,1,37900.293913
-0.21416,1,37916.094866
-0.091849,1,37929.41381
-0.171619,1,37935.411256
-0.135914,1,37949.621656
-0.193805,1,37959.898082
-0.176335,1,37970.489879
-0.143724,1,37984.872991
-0.149198,1,38004.201357
-0.179248,1,38020.387496
-0.091243,1,38034.095732
-0.049042,1,38046.742092
-0.1842,1,38056.412461
-0.147027,1,38070.399821
-0.240784,1,38080.673559
-0.238544,1,38092.338072
-0.097113,1,38108.722775
-0.158825,1,38122.797747
-0.177841,1,38133.719677
-0.091222,1,38145.521255
-0.182453,1,38162.150141
-0.085373,1,38175.416615
-0.195609,1,38181.249537
-0.095105,1,38190.187292
-0.087166,1,38199.380757
-0.124741,1,38209.343061
-0.174146,1,38220.587241
-0.178108,1,38229.517967
-0.216289,1,38239.193094
-0.159101,1,38253.210602
-0.196107,1,38269.180691
-0.143298,1,38278.907423
-0.119353,1,38289.240813
-0.071803,1,38301.582297
-0.090401,1,38316.089429
-0.239301,1,38328.594321
-0.119078,1,38340.623234
-0.160293,1,38352.448315
-0.073075,1,38361.839164
-0.158411,1,38375.813608
-0.101797,1,38385.948001
-0.165607,1,38399.306183
-0.24982,1,38406.073752
-0.187631,1,38419.575544
-0.180698,1,38436.631454
-0.049452,1,38449.381706
-0.083849,1,38461.364403
-0.206595,1,38470.850919
-0.04764,1,38481.402704
-0.091187,1,38487.721727
-0.074121,1,38504.102479
-0.208,1,38517.245916
-0.177804,1,38530.383077
-0.18929,1,38540.941181
-0.082153,1,38550.964273
-0.190673,1,38566.245404
-0.187327,1,38576.791993
-0.192151,1,38594.305388
-0.130629,1,38613.157133
-0.172008,1,38624.086168
-0.173205,1,38635.487258
-0.093839,1,38649.041118
-0.09739,1,38659.569318
-0.115777,1,38672.720855
-0.130713,1,38685.778852
-0.115729,1,38698.695162
-0.167618,1,38712.756738
-0.124454,1,38722.868432
-0.067668,1,38735.762479
-0.190628,1,38749.964293
-0.277471,1,38760.996593
-0.059724,1,38774.774784
-0.110854,1,38780.701867
-0.037415,1,38787.008583
-0.104902,1,38793.44752
-0.133736,1,38806.521759
-0.177845,1,38819.48252
-0.130339,1,38834.305728
-0.123688,1,38844.289186
-0.217012,1,38855.118432
-0.117875,1,38867.09196
-0.090698,1,38880.852375
-0.05798,1,38894.933464
-0.095796,1,38905.806418
-0.117885,1,38912.565097
-0.169792,1,38919.553236
-0.077663,1,38939.796389
-0.062102,1,38954.870448
-0.067934,1,38965.400596
-0.090292,1,38975.796361
-0.049795,1,38991.969327
-0.065914,1,39002.387935
-0.201287,1,39012.824866
