<?xml version="1.0"?>
<data>
    <MDBCoreConfiguration>
        <initial_motivation>Int</initial_motivation>
        <use_value_function>1</use_value_function>
        <use_surs>False</use_surs>
        <initial_utility_model>VF</initial_utility_model>
        <simulator_type>gazebo</simulator_type>
        <max_iterations>100000</max_iterations>
        <traces_to_train>10</traces_to_train>
        <trained_vf>0</trained_vf>
    </MDBCoreConfiguration>

    <CandidateStateEvaluatorConfiguration>
        <isDataNormalized>1</isDataNormalized>
        <methodToNormalized>keras</methodToNormalized>
    </CandidateStateEvaluatorConfiguration>

</data>