<?xml version="1.0"?>
<data>
    <SimulatorConfiguration>
        <vel_robobo>0.05</vel_robobo>
        <despl_robobo>0.1</despl_robobo>
        <despl_baxter>0.2</despl_baxter>
        <!-- Limites -->
        <robobo_min_x>0.35</robobo_min_x>
        <robobo_max_x>0.9</robobo_max_x>
        <robobo_min_y>-0.6</robobo_min_y>
        <robobo_max_y>0.6</robobo_max_y>
        <baxter_min_x>0.5</baxter_min_x>
        <baxter_max_x>0.7</baxter_max_x>
        <baxter_min_y>-0.2</baxter_min_y>
        <baxter_max_y>0.3</baxter_max_y>
    </SimulatorConfiguration>
</data>